{"stats":{"minecraft:custom":{"minecraft:interact_with_smithing_table":3,"minecraft:mob_kills":151,"minecraft:interact_with_crafting_table":53,"minecraft:bell_ring":20,"minecraft:leave_game":8,"minecraft:time_since_death":285377,"minecraft:climb_one_cm":26168,"minecraft:sprint_one_cm":1171569,"minecraft:walk_one_cm":755703,"minecraft:damage_blocked_by_shield":1965,"minecraft:drop":73,"minecraft:talked_to_villager":66,"minecraft:play_time":387398,"minecraft:sneak_time":57889,"minecraft:deaths":1,"minecraft:walk_under_water_one_cm":23641,"minecraft:boat_one_cm":11,"minecraft:jump":8561,"minecraft:enchant_item":2,"minecraft:walk_on_water_one_cm":62404,"minecraft:total_world_time":387398,"minecraft:interact_with_furnace":8,"minecraft:interact_with_loom":1,"minecraft:interact_with_grindstone":3,"minecraft:sleep_in_bed":16,"minecraft:time_since_rest":35558,"minecraft:damage_taken":2672,"minecraft:damage_dealt":29875,"minecraft:swim_one_cm":90301,"minecraft:fly_one_cm":1812373,"minecraft:open_chest":176,"minecraft:crouch_one_cm":160850,"minecraft:interact_with_smoker":53,"minecraft:fall_one_cm":186433},"minecraft:crafted":{"minecraft:oak_planks":24,"minecraft:cobblestone_slab":6,"minecraft:tripwire_hook":2,"minecraft:oak_pressure_plate":1,"minecraft:furnace":5,"minecraft:loom":1,"minecraft:bone_meal":105,"minecraft:bookshelf":4,"minecraft:cooked_mutton":11,"minecraft:flint_and_steel":1,"minecraft:scaffolding":12,"minecraft:brown_carpet":6,"minecraft:glass":12,"minecraft:stone_pickaxe":4,"minecraft:chest":3,"minecraft:acacia_fence":3,"minecraft:rail":48,"minecraft:minecart":1,"minecraft:smoker":4,"minecraft:cooked_beef":64,"minecraft:oak_slab":24,"minecraft:cooked_porkchop":35,"minecraft:crafting_table":3,"minecraft:acacia_slab":30,"minecraft:wooden_pickaxe":1,"minecraft:iron_sword":2,"minecraft:acacia_trapdoor":4,"minecraft:birch_planks":360,"minecraft:stone_axe":5,"minecraft:jungle_slab":36,"minecraft:bread":66,"minecraft:acacia_boat":1,"minecraft:air":0,"minecraft:jungle_planks":76,"minecraft:book":14,"minecraft:paper":42,"minecraft:shield":1,"minecraft:stick":764,"minecraft:stone_sword":1,"minecraft:iron_shovel":2,"minecraft:white_bed":6,"minecraft:acacia_planks":128,"minecraft:shears":1},"minecraft:mined":{"minecraft:white_bed":17,"minecraft:oak_sapling":2,"minecraft:obsidian":20,"minecraft:granite":1,"minecraft:acacia_log":1517,"minecraft:grass_block":95,"minecraft:jungle_planks":6,"minecraft:jungle_log":19,"minecraft:composter":1,"minecraft:acacia_slab":12,"minecraft:red_mushroom":3,"minecraft:spawner":1,"minecraft:tall_seagrass":2,"minecraft:weeping_vines_plant":1,"minecraft:iron_ore":2,"minecraft:cobbled_deepslate":19,"minecraft:fire":44,"minecraft:andesite":1,"minecraft:peony":1,"minecraft:dirt_path":8,"minecraft:vine":5,"minecraft:cobblestone_slab":3,"minecraft:rail":62,"minecraft:bamboo_sapling":1,"minecraft:bamboo":8,"minecraft:stone":109,"minecraft:white_wool":1,"minecraft:orange_bed":3,"minecraft:acacia_leaves":101,"minecraft:scaffolding":42,"minecraft:brown_mushroom":1,"minecraft:smoker":1,"minecraft:brown_carpet":1,"minecraft:crafting_table":4,"minecraft:blast_furnace":1,"minecraft:poppy":1,"minecraft:melon":15,"minecraft:chest":5,"minecraft:dead_bush":1,"minecraft:nether_quartz_ore":4,"minecraft:tall_grass":42,"minecraft:cobblestone":13,"minecraft:oak_planks":181,"minecraft:sugar_cane":30,"minecraft:birch_log":154,"minecraft:wheat":205,"minecraft:birch_leaves":6,"minecraft:grass":236,"minecraft:oak_log":529,"minecraft:coal_ore":31,"minecraft:gravel":2,"minecraft:acacia_door":1,"minecraft:sand":12,"minecraft:dirt":17,"minecraft:acacia_planks":8,"minecraft:netherrack":437,"minecraft:oak_leaves":121},"minecraft:broken":{"minecraft:stone_sword":1,"minecraft:iron_axe":1,"minecraft:stone_axe":5,"minecraft:iron_sword":1},"minecraft:dropped":{"minecraft:bread":472,"minecraft:porkchop":2,"minecraft:wheat_seeds":1,"minecraft:diamond_axe":1,"minecraft:lapis_lazuli":2,"minecraft:cooked_beef":12,"minecraft:cooked_porkchop":19,"minecraft:weeping_vines":2,"minecraft:lead":2,"minecraft:book":1,"minecraft:leather":9,"minecraft:apple":1,"minecraft:bone_meal":96,"minecraft:iron_leggings":1,"minecraft:string":1,"minecraft:tripwire_hook":8,"minecraft:white_wool":8,"minecraft:stone_axe":1,"minecraft:chicken":1,"minecraft:oak_planks":1,"minecraft:iron_boots":1,"minecraft:cooked_mutton":8,"minecraft:poppy":8,"minecraft:gunpowder":2,"minecraft:peony":1,"minecraft:acacia_sapling":1,"minecraft:stone_pickaxe":4,"minecraft:enchanting_table":1,"minecraft:egg":1},"minecraft:picked_up":{"minecraft:cocoa_beans":1,"minecraft:crafting_table":5,"minecraft:wheat":198,"minecraft:chicken":1,"minecraft:brown_mushroom":3,"minecraft:lead":2,"minecraft:shield":1,"minecraft:string":2,"minecraft:acacia_door":1,"minecraft:iron_leggings":1,"minecraft:diamond_leggings":1,"minecraft:cobbled_deepslate":19,"minecraft:beef":57,"minecraft:cobblestone_slab":4,"minecraft:poppy":15,"minecraft:iron_pickaxe":2,"minecraft:minecart":11,"minecraft:melon_slice":76,"minecraft:sugar_cane":64,"minecraft:chest":5,"minecraft:birch_sapling":26,"minecraft:iron_boots":3,"minecraft:egg":17,"minecraft:stick":104,"minecraft:raw_iron":2,"minecraft:composter":1,"minecraft:acacia_log":1492,"minecraft:porkchop":37,"minecraft:brown_carpet":1,"minecraft:orange_bed":3,"minecraft:rotten_flesh":34,"minecraft:arrow":11,"minecraft:weeping_vines":2,"minecraft:diamond_chestplate":1,"minecraft:peony":1,"minecraft:diamond_boots":1,"minecraft:obsidian":20,"minecraft:mutton":20,"minecraft:rail":88,"minecraft:white_wool":64,"minecraft:cobblestone":115,"minecraft:birch_log":154,"minecraft:enchanting_table":2,"minecraft:andesite":1,"minecraft:cooked_beef":12,"minecraft:tripwire_hook":1085,"minecraft:water_bucket":1,"minecraft:jungle_log":19,"minecraft:brown_wool":6,"minecraft:leather":33,"minecraft:smoker":1,"minecraft:red_mushroom":2,"minecraft:flint":1,"minecraft:tuff":3,"minecraft:oak_log":528,"minecraft:chainmail_chestplate":8,"minecraft:gunpowder":8,"minecraft:acacia_boat":5,"minecraft:lapis_lazuli":33,"minecraft:dirt":117,"minecraft:cooked_mutton":2,"minecraft:bone":12,"minecraft:acacia_planks":8,"minecraft:apple":15,"minecraft:bow":1,"minecraft:bell":1,"minecraft:wheat_seeds":585,"minecraft:iron_ingot":38,"minecraft:diamond_helmet":1,"minecraft:bamboo":61,"minecraft:acacia_sapling":49,"minecraft:oak_planks":198,"minecraft:book":1,"minecraft:scaffolding":47,"minecraft:cooked_porkchop":5,"minecraft:quartz":4,"minecraft:spyglass":1,"minecraft:lava_bucket":1,"minecraft:gravel":1,"minecraft:sand":12,"minecraft:jungle_planks":5,"minecraft:blast_furnace":1,"minecraft:ink_sac":5,"minecraft:white_bed":18,"minecraft:grass_block":1,"minecraft:spider_eye":1,"minecraft:chainmail_leggings":13,"minecraft:diamond_axe":2,"minecraft:bread":424,"minecraft:oak_sapling":57,"minecraft:acacia_slab":11,"minecraft:netherrack":429,"minecraft:coal":31,"minecraft:ender_pearl":2,"minecraft:diamond_pickaxe":1},"minecraft:killed_by":{"minecraft:player":1},"minecraft:killed":{"minecraft:spider":5,"minecraft:skeleton":13,"minecraft:horse":5,"minecraft:piglin":8,"minecraft:pig":20,"minecraft:iron_golem":7,"minecraft:wandering_trader":1,"minecraft:hoglin":1,"minecraft:creeper":3,"minecraft:squid":3,"minecraft:sheep":16,"minecraft:zombie":32,"minecraft:villager":2,"minecraft:enderman":4,"minecraft:cow":29},"minecraft:used":{"minecraft:iron_shovel":77,"minecraft:stone_sword":155,"minecraft:flint_and_steel":16,"minecraft:chest":8,"minecraft:shield":61,"minecraft:iron_sword":353,"minecraft:bell":1,"minecraft:netherrack":358,"minecraft:orange_bed":3,"minecraft:dirt":97,"minecraft:spyglass":142,"minecraft:jungle_planks":12,"minecraft:tuff":3,"minecraft:obsidian":20,"minecraft:glass":12,"minecraft:lava_bucket":15,"minecraft:iron_axe":798,"minecraft:acacia_slab":35,"minecraft:tripwire_hook":550,"minecraft:bamboo":49,"minecraft:brown_carpet":5,"minecraft:scaffolding":47,"minecraft:oak_sapling":2,"minecraft:acacia_fence":1,"minecraft:minecart":11,"minecraft:egg":4,"minecraft:cooked_beef":33,"minecraft:cobbled_deepslate":19,"minecraft:acacia_planks":8,"minecraft:wheat_seeds":213,"minecraft:cooked_mutton":3,"minecraft:acacia_boat":5,"minecraft:water_bucket":31,"minecraft:acacia_trapdoor":4,"minecraft:stone_pickaxe":80,"minecraft:oak_planks":182,"minecraft:wooden_pickaxe":3,"minecraft:sugar_cane":2,"minecraft:diamond_axe":1131,"minecraft:cobblestone_slab":10,"minecraft:white_wool":3,"minecraft:rail":113,"minecraft:loom":1,"minecraft:crafting_table":6,"minecraft:blast_furnace":1,"minecraft:white_bed":23,"minecraft:smoker":6,"minecraft:diamond_pickaxe":542,"minecraft:iron_pickaxe":88,"minecraft:melon_slice":63,"minecraft:string":1,"minecraft:gravel":1,"minecraft:stone_axe":677,"minecraft:cobblestone":32,"minecraft:cooked_porkchop":16,"minecraft:bucket":48}},"DataVersion":3465}