{"stats":{"minecraft:used":{"minecraft:jack_o_lantern":8,"minecraft:iron_shovel":1611,"minecraft:chest":21,"minecraft:shield":149,"minecraft:iron_sword":634,"minecraft:bell":1,"minecraft:rotten_flesh":6,"minecraft:soul_sand":1,"minecraft:jungle_planks":12,"minecraft:tuff":3,"minecraft:obsidian":20,"minecraft:glass":12,"minecraft:lava_bucket":15,"minecraft:quartz_block":27,"minecraft:brown_carpet":5,"minecraft:bow":6,"minecraft:scaffolding":52,"minecraft:oak_sapling":2,"minecraft:acacia_fence":1,"minecraft:egg":4,"minecraft:acacia_trapdoor":4,"minecraft:oak_planks":399,"minecraft:stone_pickaxe":211,"minecraft:wooden_pickaxe":3,"minecraft:composter":1,"minecraft:diamond_axe":1515,"minecraft:sugar_cane":26,"minecraft:white_wool":3,"minecraft:loom":2,"minecraft:blast_furnace":2,"minecraft:crossbow":1,"minecraft:shears":11,"minecraft:lever":1,"minecraft:melon_slice":114,"minecraft:string":5,"minecraft:lectern":185,"minecraft:gravel":72,"minecraft:nether_wart_block":1,"minecraft:diamond_sword":160,"minecraft:grindstone":1,"minecraft:smithing_table":1,"minecraft:oak_boat":13,"minecraft:bone_meal":9,"minecraft:oak_trapdoor":23,"minecraft:stone_sword":155,"minecraft:flint_and_steel":62,"minecraft:stone_shovel":588,"minecraft:netherrack":1166,"minecraft:orange_bed":9,"minecraft:torch":18,"minecraft:dirt":2406,"minecraft:spyglass":143,"minecraft:hopper":4,"minecraft:bookshelf":1,"minecraft:iron_axe":2565,"minecraft:acacia_slab":37,"minecraft:barrel":10,"minecraft:bamboo":55,"minecraft:tripwire_hook":552,"minecraft:golden_carrot":53,"minecraft:minecart":48,"minecraft:cooked_beef":51,"minecraft:cobbled_deepslate":19,"minecraft:acacia_planks":8,"minecraft:pumpkin":10,"minecraft:wheat_seeds":213,"minecraft:cooked_mutton":3,"minecraft:acacia_boat":14,"minecraft:water_bucket":81,"minecraft:fletching_table":6,"minecraft:cobblestone_slab":10,"minecraft:rail":602,"minecraft:oak_slab":26,"minecraft:crafting_table":13,"minecraft:white_bed":25,"minecraft:smoker":6,"minecraft:diamond_pickaxe":2549,"minecraft:apple":15,"minecraft:iron_pickaxe":567,"minecraft:suspicious_stew":3,"minecraft:stone_axe":677,"minecraft:pink_bed":2,"minecraft:cobblestone":383,"minecraft:porkchop":19,"minecraft:cooked_porkchop":16,"minecraft:bucket":99,"minecraft:diamond_leggings":1},"minecraft:broken":{"minecraft:iron_shovel":3,"minecraft:stone_pickaxe":1,"minecraft:stone_axe":5,"minecraft:iron_sword":2,"minecraft:stone_shovel":4,"minecraft:stone_sword":1,"minecraft:shield":1,"minecraft:iron_axe":8,"minecraft:iron_pickaxe":1},"minecraft:killed":{"minecraft:spider":13,"minecraft:skeleton":36,"minecraft:piglin":36,"minecraft:pig":29,"minecraft:zombie_villager":1,"minecraft:iron_golem":8,"minecraft:creeper":11,"minecraft:sheep":16,"minecraft:zombie":78,"minecraft:ghast":3,"minecraft:cow":29,"minecraft:slime":1,"minecraft:phantom":2,"minecraft:horse":5,"minecraft:wandering_trader":1,"minecraft:hoglin":8,"minecraft:squid":3,"minecraft:villager":2,"minecraft:enderman":7},"minecraft:crafted":{"minecraft:oak_planks":5440,"minecraft:barrel":5,"minecraft:cobblestone_slab":6,"minecraft:pink_bed":2,"minecraft:oak_pressure_plate":1,"minecraft:loom":1,"minecraft:bookshelf":6,"minecraft:cooked_mutton":11,"minecraft:glass":12,"minecraft:brown_carpet":6,"minecraft:quartz_block":26,"minecraft:hopper":4,"minecraft:bow":1,"minecraft:chest":17,"minecraft:oak_button":8,"minecraft:acacia_fence":3,"minecraft:rail":144,"minecraft:smoker":4,"minecraft:oak_slab":132,"minecraft:emerald":1138,"minecraft:cooked_porkchop":35,"minecraft:diamond_axe":4,"minecraft:crafting_table":6,"minecraft:acacia_slab":36,"minecraft:wooden_pickaxe":1,"minecraft:fletching_table":3,"minecraft:birch_planks":1540,"minecraft:pumpkin_seeds":4,"minecraft:lectern":5,"minecraft:diamond_pickaxe":1,"minecraft:book":31,"minecraft:paper":93,"minecraft:shield":2,"minecraft:stick":13032,"minecraft:stone_sword":1,"minecraft:shears":2,"minecraft:golden_carrot":66,"minecraft:stone_shovel":7,"minecraft:tripwire_hook":2,"minecraft:furnace":5,"minecraft:jack_o_lantern":8,"minecraft:bone_meal":126,"minecraft:pink_dye":2,"minecraft:oak_trapdoor":18,"minecraft:flint_and_steel":2,"minecraft:scaffolding":24,"minecraft:iron_axe":8,"minecraft:stone_pickaxe":4,"minecraft:minecart":3,"minecraft:cooked_beef":64,"minecraft:diamond_sword":2,"minecraft:iron_sword":3,"minecraft:acacia_trapdoor":4,"minecraft:mangrove_planks":176,"minecraft:bucket":2,"minecraft:stone_axe":5,"minecraft:enchanted_book":5,"minecraft:jungle_slab":36,"minecraft:acacia_boat":2,"minecraft:bread":86,"minecraft:air":0,"minecraft:jungle_planks":76,"minecraft:oak_boat":8,"minecraft:white_wool":189,"minecraft:iron_shovel":4,"minecraft:white_bed":19,"minecraft:acacia_planks":128,"minecraft:torch":8},"minecraft:mined":{"minecraft:white_bed":19,"minecraft:oak_sapling":2,"minecraft:pink_bed":1,"minecraft:carved_pumpkin":8,"minecraft:obsidian":20,"minecraft:granite":1,"minecraft:acacia_log":1517,"minecraft:grass_block":1321,"minecraft:jungle_log":19,"minecraft:cracked_polished_blackstone_bricks":3,"minecraft:composter":2,"minecraft:spawner":1,"minecraft:weeping_vines_plant":1,"minecraft:polished_blackstone_bricks":2,"minecraft:tall_seagrass":3,"minecraft:magma_block":5,"minecraft:glowstone":70,"minecraft:cobbled_deepslate":19,"minecraft:iron_ore":2,"minecraft:fire":89,"minecraft:barrel":6,"minecraft:pumpkin":11,"minecraft:fletching_table":3,"minecraft:dirt_path":8,"minecraft:tripwire":1,"minecraft:orange_bed":10,"minecraft:brown_mushroom":3,"minecraft:quartz_block":4,"minecraft:blackstone":1,"minecraft:smoker":1,"minecraft:crimson_nylium":3,"minecraft:torch":17,"minecraft:blast_furnace":2,"minecraft:poppy":1,"minecraft:melon":22,"minecraft:chest":8,"minecraft:dead_bush":6,"minecraft:nether_quartz_ore":23,"minecraft:cobblestone":25,"minecraft:grindstone":1,"minecraft:sugar_cane":70,"minecraft:oak_planks":216,"minecraft:nether_wart_block":1,"minecraft:birch_log":468,"minecraft:wheat":205,"minecraft:grass":347,"minecraft:oak_log":1887,"minecraft:sand":12,"minecraft:dirt":916,"minecraft:mangrove_log":44,"minecraft:netherrack":2157,"minecraft:oak_leaves":279,"minecraft:nether_gold_ore":12,"minecraft:mangrove_roots":60,"minecraft:jungle_planks":6,"minecraft:crimson_roots":3,"minecraft:weeping_vines":1,"minecraft:acacia_slab":13,"minecraft:red_mushroom":3,"minecraft:mangrove_propagule":2,"minecraft:crimson_stem":36,"minecraft:oak_trapdoor":4,"minecraft:andesite":2,"minecraft:peony":2,"minecraft:bookshelf":1,"minecraft:cobblestone_slab":3,"minecraft:vine":17,"minecraft:rail":437,"minecraft:bamboo_sapling":2,"minecraft:bamboo":14,"minecraft:stone":468,"minecraft:white_wool":2,"minecraft:cake":1,"minecraft:smithing_table":1,"minecraft:oak_slab":7,"minecraft:acacia_leaves":101,"minecraft:scaffolding":47,"minecraft:soul_sand":1,"minecraft:brown_carpet":1,"minecraft:crafting_table":9,"minecraft:lectern":181,"minecraft:tall_grass":42,"minecraft:copper_ore":1,"minecraft:birch_leaves":8,"minecraft:mangrove_leaves":18,"minecraft:coal_ore":98,"minecraft:dripstone_block":2,"minecraft:gravel":90,"minecraft:acacia_door":1,"minecraft:acacia_planks":10},"minecraft:custom":{"minecraft:interact_with_crafting_table":128,"minecraft:open_barrel":4,"minecraft:bell_ring":23,"minecraft:leave_game":13,"minecraft:time_since_death":1749,"minecraft:sprint_one_cm":2991799,"minecraft:damage_blocked_by_shield":4536,"minecraft:drop":130,"minecraft:talked_to_villager":833,"minecraft:play_time":921079,"minecraft:deaths":5,"minecraft:jump":19872,"minecraft:walk_on_water_one_cm":90342,"minecraft:enchant_item":2,"minecraft:interact_with_furnace":9,"minecraft:traded_with_villager":1179,"minecraft:interact_with_loom":2,"minecraft:sleep_in_bed":41,"minecraft:damage_dealt":58161,"minecraft:crouch_one_cm":540416,"minecraft:interact_with_smoker":60,"minecraft:interact_with_smithing_table":4,"minecraft:interact_with_anvil":1,"minecraft:mob_kills":295,"minecraft:inspect_hopper":1,"minecraft:climb_one_cm":46481,"minecraft:walk_one_cm":1932143,"minecraft:sneak_time":149542,"minecraft:walk_under_water_one_cm":30456,"minecraft:boat_one_cm":78801,"minecraft:interact_with_blast_furnace":4,"minecraft:total_world_time":921079,"minecraft:interact_with_grindstone":3,"minecraft:time_since_rest":1782,"minecraft:damage_taken":7336,"minecraft:minecart_one_cm":261,"minecraft:swim_one_cm":113909,"minecraft:fly_one_cm":4565842,"minecraft:open_chest":784,"minecraft:fall_one_cm":409117},"minecraft:killed_by":{"minecraft:piglin_brute":1,"minecraft:player":1},"minecraft:dropped":{"minecraft:iron_sword":1,"minecraft:brown_mushroom":2,"minecraft:porkchop":2,"minecraft:diamond_axe":2,"minecraft:lapis_lazuli":2,"minecraft:cooked_beef":12,"minecraft:cooked_porkchop":19,"minecraft:weeping_vines":4,"minecraft:cookie":1,"minecraft:leather":9,"minecraft:rail":1,"minecraft:red_mushroom":1,"minecraft:emerald":64,"minecraft:dirt":267,"minecraft:crimson_roots":1,"minecraft:bone_meal":96,"minecraft:white_wool":47,"minecraft:bone":5,"minecraft:gravel":29,"minecraft:stone_axe":1,"minecraft:rotten_flesh":5,"minecraft:oak_planks":50,"minecraft:cooked_mutton":8,"minecraft:chainmail_chestplate":2,"minecraft:poppy":8,"minecraft:gunpowder":2,"minecraft:acacia_sapling":1,"minecraft:enchanting_table":1,"minecraft:egg":2,"minecraft:enchanted_book":1,"minecraft:iron_ingot":4,"minecraft:bread":502,"minecraft:wheat_seeds":7,"minecraft:minecart":1,"minecraft:lead":2,"minecraft:book":2,"minecraft:apple":4,"minecraft:golden_carrot":14,"minecraft:torch":2,"minecraft:iron_leggings":3,"minecraft:string":61,"minecraft:tripwire_hook":8,"minecraft:bowl":7,"minecraft:chicken":1,"minecraft:iron_boots":2,"minecraft:peony":1,"minecraft:andesite":34,"minecraft:oak_boat":1,"minecraft:oak_sapling":29,"minecraft:spider_eye":1,"minecraft:bamboo":62,"minecraft:stone_pickaxe":4,"minecraft:nether_quartz_ore":15},"minecraft:picked_up":{"minecraft:wheat":198,"minecraft:diamond_sword":1,"minecraft:suspicious_stew":3,"minecraft:smithing_table":1,"minecraft:lead":2,"minecraft:golden_sword":2,"minecraft:string":432,"minecraft:iron_leggings":2,"minecraft:diamond_leggings":4,"minecraft:gold_nugget":19,"minecraft:cobbled_deepslate":23,"minecraft:bucket":3,"minecraft:cobblestone_slab":4,"minecraft:iron_pickaxe":2,"minecraft:melon_slice":114,"minecraft:mangrove_log":44,"minecraft:iron_boots":3,"minecraft:stick":220,"minecraft:composter":2,"minecraft:torch":24,"minecraft:acacia_log":1492,"minecraft:porkchop":74,"minecraft:pointed_dripstone":2,"minecraft:diorite":1,"minecraft:vine":1,"minecraft:brown_carpet":1,"minecraft:orange_bed":10,"minecraft:quartz_block":4,"minecraft:nether_gold_ore":7,"minecraft:rotten_flesh":71,"minecraft:carved_pumpkin":8,"minecraft:mangrove_roots":57,"minecraft:obsidian":20,"minecraft:cobblestone":496,"minecraft:birch_log":468,"minecraft:enchanting_table":2,"minecraft:magma_block":5,"minecraft:cooked_beef":12,"minecraft:andesite":35,"minecraft:water_bucket":3,"minecraft:jungle_log":19,"minecraft:brown_wool":6,"minecraft:smoker":1,"minecraft:potato":21,"minecraft:flint":10,"minecraft:tuff":3,"minecraft:acacia_boat":14,"minecraft:lapis_lazuli":33,"minecraft:dirt":2617,"minecraft:bone":42,"minecraft:acacia_planks":10,"minecraft:bow":4,"minecraft:wheat_seeds":608,"minecraft:bell":1,"minecraft:grindstone":1,"minecraft:glowstone_dust":216,"minecraft:fletching_table":3,"minecraft:diamond_helmet":3,"minecraft:bamboo":142,"minecraft:oak_planks":261,"minecraft:cooked_porkchop":5,"minecraft:poisonous_potato":4,"minecraft:jungle_planks":5,"minecraft:sand":12,"minecraft:ink_sac":5,"minecraft:grass_block":1,"minecraft:barrel":9,"minecraft:lever":1,"minecraft:cracked_polished_blackstone_bricks":3,"minecraft:crossbow":1,"minecraft:golden_apple":1,"minecraft:emerald":83,"minecraft:bread":424,"minecraft:oak_sapling":185,"minecraft:netherrack":1463,"minecraft:crimson_roots":1,"minecraft:diamond_pickaxe":3,"minecraft:cocoa_beans":1,"minecraft:crafting_table":12,"minecraft:chicken":1,"minecraft:brown_mushroom":15,"minecraft:shield":2,"minecraft:oak_trapdoor":5,"minecraft:moss_carpet":9,"minecraft:flint_and_steel":1,"minecraft:acacia_door":1,"minecraft:beef":57,"minecraft:oak_boat":8,"minecraft:poppy":17,"minecraft:minecart":47,"minecraft:lectern":180,"minecraft:chest":8,"minecraft:sugar_cane":136,"minecraft:birch_sapling":33,"minecraft:phantom_membrane":1,"minecraft:egg":21,"minecraft:raw_iron":2,"minecraft:stone":8,"minecraft:bowl":4,"minecraft:polished_blackstone_bricks":2,"minecraft:cookie":1,"minecraft:stone_shovel":3,"minecraft:diamond_chestplate":3,"minecraft:arrow":33,"minecraft:weeping_vines":4,"minecraft:peony":2,"minecraft:shears":1,"minecraft:diamond_boots":3,"minecraft:mutton":20,"minecraft:rail":542,"minecraft:white_wool":127,"minecraft:golden_carrot":74,"minecraft:tripwire_hook":1106,"minecraft:crimson_stem":36,"minecraft:leather":35,"minecraft:red_mushroom":3,"minecraft:oak_log":1882,"minecraft:chainmail_chestplate":9,"minecraft:nether_wart_block":1,"minecraft:gunpowder":19,"minecraft:cooked_mutton":2,"minecraft:apple":48,"minecraft:iron_ingot":48,"minecraft:soul_sand":2,"minecraft:iron_sword":1,"minecraft:acacia_sapling":49,"minecraft:book":5,"minecraft:oak_slab":86,"minecraft:scaffolding":76,"minecraft:pink_bed":1,"minecraft:nether_quartz_ore":30,"minecraft:pumpkin":11,"minecraft:quartz":7,"minecraft:spyglass":1,"minecraft:gravel":85,"minecraft:lava_bucket":1,"minecraft:blast_furnace":2,"minecraft:white_bed":20,"minecraft:spider_eye":2,"minecraft:pumpkin_seeds":32,"minecraft:slime_ball":2,"minecraft:chainmail_leggings":13,"minecraft:diamond_axe":4,"minecraft:acacia_slab":12,"minecraft:mangrove_propagule":3,"minecraft:coal":98,"minecraft:ender_pearl":3}},"DataVersion":3465}