{"stats":{"minecraft:used":{"minecraft:jack_o_lantern":8,"minecraft:iron_shovel":1611,"minecraft:elytra":2,"minecraft:chest":26,"minecraft:shield":188,"minecraft:iron_sword":634,"minecraft:bell":1,"minecraft:rotten_flesh":6,"minecraft:soul_sand":1,"minecraft:jungle_planks":12,"minecraft:tuff":3,"minecraft:obsidian":68,"minecraft:glass":12,"minecraft:lava_bucket":15,"minecraft:grass_block":1,"minecraft:quartz_block":27,"minecraft:magma_block":6,"minecraft:brown_carpet":5,"minecraft:bow":88,"minecraft:scaffolding":58,"minecraft:oak_sapling":2,"minecraft:acacia_fence":1,"minecraft:egg":4,"minecraft:acacia_trapdoor":4,"minecraft:oak_planks":457,"minecraft:stone_pickaxe":211,"minecraft:blackstone":16,"minecraft:wooden_pickaxe":3,"minecraft:composter":1,"minecraft:blue_bed":1,"minecraft:diamond_axe":2417,"minecraft:sugar_cane":26,"minecraft:white_wool":3,"minecraft:loom":2,"minecraft:blast_furnace":2,"minecraft:crossbow":1,"minecraft:shears":11,"minecraft:lever":1,"minecraft:firework_rocket":3,"minecraft:melon_slice":114,"minecraft:string":5,"minecraft:lectern":925,"minecraft:gravel":72,"minecraft:nether_wart_block":1,"minecraft:diamond_sword":244,"minecraft:grindstone":1,"minecraft:smithing_table":1,"minecraft:andesite":2,"minecraft:oak_boat":21,"minecraft:bone_meal":9,"minecraft:oak_trapdoor":30,"minecraft:netherite_sword":82,"minecraft:stone_sword":155,"minecraft:flint_and_steel":75,"minecraft:stone_shovel":606,"minecraft:netherrack":2367,"minecraft:orange_bed":9,"minecraft:torch":23,"minecraft:anvil":3,"minecraft:brewing_stand":1,"minecraft:dirt":2433,"minecraft:spyglass":143,"minecraft:hopper":4,"minecraft:bookshelf":2,"minecraft:iron_axe":2565,"minecraft:acacia_slab":37,"minecraft:barrel":14,"minecraft:bamboo":55,"minecraft:diamond_chestplate":2,"minecraft:tripwire_hook":552,"minecraft:golden_carrot":107,"minecraft:minecart":58,"minecraft:cooked_beef":51,"minecraft:cobbled_deepslate":39,"minecraft:acacia_planks":8,"minecraft:pumpkin":10,"minecraft:wheat_seeds":213,"minecraft:cooked_mutton":3,"minecraft:acacia_boat":14,"minecraft:water_bucket":105,"minecraft:fletching_table":6,"minecraft:cobblestone_slab":10,"minecraft:rail":697,"minecraft:oak_slab":26,"minecraft:crafting_table":19,"minecraft:red_bed":1,"minecraft:white_bed":66,"minecraft:smoker":6,"minecraft:ender_eye":1,"minecraft:diamond_pickaxe":4366,"minecraft:apple":15,"minecraft:iron_pickaxe":567,"minecraft:suspicious_stew":3,"minecraft:stone_axe":677,"minecraft:pink_bed":3,"minecraft:cobblestone":552,"minecraft:porkchop":19,"minecraft:cooked_porkchop":16,"minecraft:bucket":123,"minecraft:diamond_leggings":1},"minecraft:broken":{"minecraft:iron_shovel":3,"minecraft:stone_pickaxe":1,"minecraft:diamond_pickaxe":1,"minecraft:stone_axe":5,"minecraft:iron_sword":2,"minecraft:stone_shovel":4,"minecraft:stone_sword":1,"minecraft:shield":1,"minecraft:iron_axe":8,"minecraft:iron_pickaxe":1},"minecraft:killed":{"minecraft:spider":15,"minecraft:skeleton":40,"minecraft:silverfish":1,"minecraft:cat":1,"minecraft:magma_cube":10,"minecraft:piglin":44,"minecraft:pig":29,"minecraft:zombie_villager":1,"minecraft:iron_golem":8,"minecraft:creeper":12,"minecraft:sheep":16,"minecraft:zombie":92,"minecraft:ghast":3,"minecraft:cow":29,"minecraft:slime":1,"minecraft:phantom":4,"minecraft:horse":5,"minecraft:drowned":1,"minecraft:wandering_trader":1,"minecraft:hoglin":11,"minecraft:squid":3,"minecraft:villager":2,"minecraft:enderman":9},"minecraft:crafted":{"minecraft:barrel":5,"minecraft:oak_planks":5868,"minecraft:cobblestone_slab":6,"minecraft:pink_bed":2,"minecraft:oak_pressure_plate":1,"minecraft:loom":1,"minecraft:bookshelf":10,"minecraft:cooked_mutton":11,"minecraft:brown_carpet":6,"minecraft:quartz_block":26,"minecraft:glass":12,"minecraft:hopper":4,"minecraft:bow":1,"minecraft:chest":21,"minecraft:oak_button":8,"minecraft:acacia_fence":3,"minecraft:rail":144,"minecraft:smoker":4,"minecraft:oak_slab":132,"minecraft:arrow":48,"minecraft:emerald":1465,"minecraft:cooked_porkchop":35,"minecraft:diamond_axe":4,"minecraft:crafting_table":7,"minecraft:acacia_slab":36,"minecraft:wooden_pickaxe":1,"minecraft:fletching_table":3,"minecraft:birch_planks":1604,"minecraft:pumpkin_seeds":4,"minecraft:lectern":7,"minecraft:book":31,"minecraft:paper":93,"minecraft:diamond_pickaxe":3,"minecraft:shield":3,"minecraft:stick":13032,"minecraft:iron_block":234,"minecraft:stone_sword":1,"minecraft:shears":2,"minecraft:golden_carrot":174,"minecraft:redstone":24,"minecraft:stone_shovel":7,"minecraft:tripwire_hook":2,"minecraft:netherite_sword":1,"minecraft:furnace":5,"minecraft:jack_o_lantern":8,"minecraft:bone_meal":126,"minecraft:pink_dye":2,"minecraft:oak_trapdoor":24,"minecraft:flint_and_steel":2,"minecraft:scaffolding":24,"minecraft:blue_ice":6,"minecraft:iron_axe":8,"minecraft:stone_pickaxe":4,"minecraft:redstone_block":31,"minecraft:minecart":4,"minecraft:cooked_beef":64,"minecraft:crimson_planks":28,"minecraft:diamond_sword":2,"minecraft:iron_sword":3,"minecraft:acacia_trapdoor":4,"minecraft:mangrove_planks":176,"minecraft:bucket":2,"minecraft:stone_axe":5,"minecraft:glowstone":18,"minecraft:enchanted_book":16,"minecraft:acacia_boat":2,"minecraft:bread":152,"minecraft:jungle_slab":36,"minecraft:air":0,"minecraft:jungle_planks":76,"minecraft:oak_boat":11,"minecraft:white_wool":673,"minecraft:iron_shovel":4,"minecraft:anvil":3,"minecraft:white_bed":147,"minecraft:acacia_planks":128,"minecraft:torch":8,"minecraft:lapis_lazuli":12},"minecraft:mined":{"minecraft:white_bed":23,"minecraft:pink_bed":2,"minecraft:oak_sapling":2,"minecraft:carved_pumpkin":8,"minecraft:obsidian":38,"minecraft:granite":13,"minecraft:acacia_log":1517,"minecraft:grass_block":1325,"minecraft:jungle_log":19,"minecraft:cracked_polished_blackstone_bricks":3,"minecraft:composter":2,"minecraft:spawner":1,"minecraft:tall_seagrass":3,"minecraft:polished_blackstone_bricks":2,"minecraft:weeping_vines_plant":1,"minecraft:magma_block":11,"minecraft:glowstone":70,"minecraft:iron_ore":3,"minecraft:cobbled_deepslate":21,"minecraft:fire":311,"minecraft:barrel":8,"minecraft:pumpkin":11,"minecraft:fletching_table":3,"minecraft:dirt_path":8,"minecraft:iron_bars":1,"minecraft:orange_bed":10,"minecraft:tripwire":1,"minecraft:brown_mushroom":3,"minecraft:quartz_block":4,"minecraft:red_bed":1,"minecraft:blackstone":32,"minecraft:smoker":1,"minecraft:crimson_nylium":3,"minecraft:torch":18,"minecraft:blast_furnace":2,"minecraft:poppy":1,"minecraft:melon":22,"minecraft:chest":9,"minecraft:dead_bush":6,"minecraft:nether_quartz_ore":37,"minecraft:cobblestone":47,"minecraft:grindstone":1,"minecraft:sugar_cane":70,"minecraft:oak_planks":223,"minecraft:wall_torch":1,"minecraft:nether_wart_block":1,"minecraft:birch_log":499,"minecraft:wheat":205,"minecraft:grass":357,"minecraft:oak_log":1992,"minecraft:sand":13,"minecraft:dirt":943,"minecraft:mangrove_log":44,"minecraft:netherrack":3482,"minecraft:ancient_debris":18,"minecraft:oak_leaves":294,"minecraft:deepslate":19,"minecraft:nether_gold_ore":12,"minecraft:mangrove_roots":60,"minecraft:jungle_planks":6,"minecraft:crimson_roots":4,"minecraft:weeping_vines":1,"minecraft:acacia_slab":13,"minecraft:red_mushroom":4,"minecraft:mangrove_propagule":2,"minecraft:crimson_stem":44,"minecraft:oak_trapdoor":5,"minecraft:andesite":31,"minecraft:peony":2,"minecraft:bookshelf":2,"minecraft:cobblestone_slab":3,"minecraft:vine":17,"minecraft:rail":533,"minecraft:bamboo_sapling":2,"minecraft:bamboo":16,"minecraft:stone":645,"minecraft:white_wool":2,"minecraft:cake":1,"minecraft:smithing_table":1,"minecraft:oak_slab":7,"minecraft:acacia_leaves":101,"minecraft:scaffolding":53,"minecraft:soul_sand":1,"minecraft:infested_stone_bricks":1,"minecraft:brown_carpet":1,"minecraft:crafting_table":13,"minecraft:lectern":919,"minecraft:copper_ore":2,"minecraft:tall_grass":44,"minecraft:diorite":28,"minecraft:blue_bed":1,"minecraft:birch_leaves":9,"minecraft:mangrove_leaves":18,"minecraft:coal_ore":98,"minecraft:dripstone_block":2,"minecraft:gravel":97,"minecraft:acacia_door":1,"minecraft:cracked_stone_bricks":1,"minecraft:acacia_planks":10,"minecraft:stone_bricks":7,"minecraft:mossy_stone_bricks":4},"minecraft:custom":{"minecraft:interact_with_crafting_table":176,"minecraft:open_barrel":4,"minecraft:bell_ring":23,"minecraft:leave_game":15,"minecraft:time_since_death":297246,"minecraft:sprint_one_cm":3723728,"minecraft:damage_blocked_by_shield":5771,"minecraft:drop":159,"minecraft:talked_to_villager":2674,"minecraft:play_time":1216700,"minecraft:deaths":5,"minecraft:jump":24348,"minecraft:walk_on_water_one_cm":101377,"minecraft:enchant_item":2,"minecraft:interact_with_furnace":9,"minecraft:traded_with_villager":1621,"minecraft:interact_with_loom":3,"minecraft:sleep_in_bed":47,"minecraft:open_enderchest":2,"minecraft:damage_dealt":66610,"minecraft:crouch_one_cm":662253,"minecraft:interact_with_smoker":60,"minecraft:interact_with_smithing_table":6,"minecraft:interact_with_anvil":12,"minecraft:mob_kills":344,"minecraft:inspect_hopper":1,"minecraft:climb_one_cm":49196,"minecraft:walk_one_cm":2563285,"minecraft:sneak_time":185073,"minecraft:walk_under_water_one_cm":80342,"minecraft:boat_one_cm":89928,"minecraft:interact_with_blast_furnace":4,"minecraft:total_world_time":1216700,"minecraft:interact_with_grindstone":6,"minecraft:time_since_rest":10986,"minecraft:damage_taken":10499,"minecraft:minecart_one_cm":261,"minecraft:swim_one_cm":133662,"minecraft:fly_one_cm":5730621,"minecraft:open_chest":1191,"minecraft:aviate_one_cm":88752,"minecraft:fall_one_cm":463536},"minecraft:killed_by":{"minecraft:piglin_brute":1,"minecraft:player":1},"minecraft:dropped":{"minecraft:iron_sword":1,"minecraft:brown_mushroom":2,"minecraft:porkchop":2,"minecraft:diamond_axe":3,"minecraft:lapis_lazuli":2,"minecraft:cooked_beef":12,"minecraft:cooked_porkchop":19,"minecraft:weeping_vines":4,"minecraft:cookie":1,"minecraft:leather":9,"minecraft:elytra":1,"minecraft:rail":1,"minecraft:red_mushroom":1,"minecraft:flint":1,"minecraft:emerald":68,"minecraft:dirt":267,"minecraft:crimson_roots":1,"minecraft:netherite_boots":1,"minecraft:phantom_membrane":5,"minecraft:bone_meal":96,"minecraft:white_wool":47,"minecraft:bone":5,"minecraft:gravel":30,"minecraft:stone_axe":1,"minecraft:netherite_sword":2,"minecraft:rotten_flesh":10,"minecraft:oak_planks":138,"minecraft:cooked_mutton":8,"minecraft:chainmail_chestplate":2,"minecraft:poppy":8,"minecraft:gunpowder":2,"minecraft:acacia_sapling":1,"minecraft:arrow":27,"minecraft:quartz":6,"minecraft:enchanting_table":1,"minecraft:firework_rocket":57,"minecraft:egg":2,"minecraft:iron_ingot":4,"minecraft:enchanted_book":1,"minecraft:bread":568,"minecraft:wheat_seeds":7,"minecraft:minecart":1,"minecraft:netherite_helmet":1,"minecraft:netherite_chestplate":1,"minecraft:lead":2,"minecraft:book":2,"minecraft:apple":4,"minecraft:granite":6,"minecraft:diorite":19,"minecraft:golden_carrot":14,"minecraft:torch":2,"minecraft:iron_leggings":3,"minecraft:string":61,"minecraft:tripwire_hook":8,"minecraft:kelp":11,"minecraft:ender_chest":1,"minecraft:netherite_ingot":4,"minecraft:bowl":7,"minecraft:chicken":1,"minecraft:iron_boots":2,"minecraft:netherite_leggings":1,"minecraft:peony":1,"minecraft:andesite":46,"minecraft:oak_boat":2,"minecraft:oak_sapling":29,"minecraft:spider_eye":1,"minecraft:bamboo":62,"minecraft:bow":1,"minecraft:stone_pickaxe":4,"minecraft:nether_quartz_ore":15},"minecraft:picked_up":{"minecraft:wheat":198,"minecraft:ender_chest":1,"minecraft:suspicious_stew":3,"minecraft:smithing_table":1,"minecraft:lead":2,"minecraft:diamond_sword":1,"minecraft:golden_sword":4,"minecraft:raw_copper":2,"minecraft:string":557,"minecraft:iron_leggings":2,"minecraft:netherite_ingot":5,"minecraft:diamond_leggings":4,"minecraft:gold_nugget":19,"minecraft:cobbled_deepslate":43,"minecraft:bucket":3,"minecraft:cobblestone_slab":4,"minecraft:ender_eye":1,"minecraft:netherite_upgrade_smithing_template":1,"minecraft:iron_pickaxe":2,"minecraft:melon_slice":114,"minecraft:mangrove_log":44,"minecraft:iron_boots":3,"minecraft:stick":227,"minecraft:composter":2,"minecraft:torch":28,"minecraft:acacia_log":1492,"minecraft:porkchop":77,"minecraft:pointed_dripstone":2,"minecraft:diorite":48,"minecraft:vine":1,"minecraft:brown_carpet":1,"minecraft:orange_bed":10,"minecraft:quartz_block":4,"minecraft:nether_gold_ore":7,"minecraft:rotten_flesh":87,"minecraft:carved_pumpkin":8,"minecraft:mangrove_roots":57,"minecraft:netherite_chestplate":1,"minecraft:obsidian":78,"minecraft:iron_bars":14,"minecraft:cobblestone":692,"minecraft:birch_log":499,"minecraft:enchanting_table":2,"minecraft:magma_block":11,"minecraft:cooked_beef":12,"minecraft:andesite":57,"minecraft:water_bucket":3,"minecraft:jungle_log":19,"minecraft:brown_wool":6,"minecraft:smoker":1,"minecraft:potato":21,"minecraft:flint":11,"minecraft:tuff":8,"minecraft:acacia_boat":14,"minecraft:netherite_leggings":1,"minecraft:lapis_lazuli":33,"minecraft:dirt":2644,"minecraft:bone":51,"minecraft:acacia_planks":10,"minecraft:bow":5,"minecraft:wheat_seeds":610,"minecraft:bell":1,"minecraft:grindstone":1,"minecraft:glowstone_dust":216,"minecraft:fletching_table":3,"minecraft:diamond_helmet":3,"minecraft:bamboo":148,"minecraft:oak_planks":918,"minecraft:cooked_porkchop":5,"minecraft:poisonous_potato":4,"minecraft:sand":12,"minecraft:jungle_planks":5,"minecraft:ink_sac":5,"minecraft:grass_block":2,"minecraft:barrel":11,"minecraft:netherite_helmet":1,"minecraft:lever":1,"minecraft:cracked_polished_blackstone_bricks":3,"minecraft:crossbow":2,"minecraft:granite":6,"minecraft:golden_apple":2,"minecraft:emerald":87,"minecraft:bread":424,"minecraft:oak_sapling":194,"minecraft:netherrack":2695,"minecraft:crimson_roots":1,"minecraft:diamond_pickaxe":3,"minecraft:cocoa_beans":1,"minecraft:crafting_table":16,"minecraft:chicken":1,"minecraft:ladder":3,"minecraft:brown_mushroom":15,"minecraft:shield":2,"minecraft:elytra":1,"minecraft:oak_trapdoor":6,"minecraft:red_bed":1,"minecraft:moss_carpet":9,"minecraft:flint_and_steel":2,"minecraft:acacia_door":1,"minecraft:blackstone":42,"minecraft:netherite_sword":2,"minecraft:beef":57,"minecraft:oak_boat":13,"minecraft:poppy":17,"minecraft:minecart":56,"minecraft:lectern":918,"minecraft:chest":9,"minecraft:sugar_cane":136,"minecraft:birch_sapling":34,"minecraft:phantom_membrane":6,"minecraft:egg":21,"minecraft:raw_iron":3,"minecraft:stone":8,"minecraft:bowl":4,"minecraft:polished_blackstone_bricks":2,"minecraft:cookie":1,"minecraft:stone_shovel":3,"minecraft:arrow":37,"minecraft:diamond_chestplate":3,"minecraft:weeping_vines":4,"minecraft:peony":2,"minecraft:shears":1,"minecraft:diamond_boots":3,"minecraft:mutton":20,"minecraft:rail":638,"minecraft:white_wool":786,"minecraft:netherite_boots":1,"minecraft:golden_carrot":74,"minecraft:tripwire_hook":1106,"minecraft:crimson_stem":43,"minecraft:leather":35,"minecraft:red_mushroom":3,"minecraft:oak_log":1987,"minecraft:chainmail_chestplate":9,"minecraft:ancient_debris":18,"minecraft:nether_wart_block":1,"minecraft:gunpowder":21,"minecraft:blue_bed":1,"minecraft:cooked_mutton":2,"minecraft:apple":51,"minecraft:kelp":11,"minecraft:iron_ingot":48,"minecraft:iron_sword":1,"minecraft:acacia_sapling":49,"minecraft:soul_sand":2,"minecraft:book":8,"minecraft:oak_slab":86,"minecraft:scaffolding":82,"minecraft:pink_bed":2,"minecraft:nether_quartz_ore":30,"minecraft:pumpkin":11,"minecraft:quartz":13,"minecraft:spyglass":1,"minecraft:gravel":86,"minecraft:lava_bucket":1,"minecraft:blast_furnace":2,"minecraft:white_bed":22,"minecraft:spider_eye":3,"minecraft:firework_rocket":60,"minecraft:pumpkin_seeds":32,"minecraft:slime_ball":2,"minecraft:chainmail_leggings":13,"minecraft:diamond_axe":5,"minecraft:acacia_slab":12,"minecraft:mangrove_propagule":3,"minecraft:coal":98,"minecraft:ender_pearl":5}},"DataVersion":3465}