{"stats":{"minecraft:crafted":{"minecraft:oak_planks":24,"minecraft:cobblestone_slab":6,"minecraft:tripwire_hook":2,"minecraft:furnace":5,"minecraft:loom":1,"minecraft:bookshelf":4,"minecraft:cooked_mutton":11,"minecraft:flint_and_steel":1,"minecraft:brown_carpet":6,"minecraft:glass":12,"minecraft:stone_pickaxe":4,"minecraft:chest":1,"minecraft:acacia_fence":3,"minecraft:rail":32,"minecraft:minecart":1,"minecraft:smoker":4,"minecraft:cooked_beef":45,"minecraft:cooked_porkchop":35,"minecraft:crafting_table":3,"minecraft:wooden_pickaxe":1,"minecraft:iron_sword":2,"minecraft:acacia_trapdoor":4,"minecraft:birch_planks":360,"minecraft:stone_axe":5,"minecraft:jungle_slab":36,"minecraft:acacia_boat":1,"minecraft:air":0,"minecraft:jungle_planks":76,"minecraft:book":14,"minecraft:paper":42,"minecraft:shield":1,"minecraft:stick":760,"minecraft:stone_sword":1,"minecraft:white_bed":6,"minecraft:acacia_planks":72,"minecraft:shears":1},"minecraft:killed_by":{"minecraft:player":1},"minecraft:custom":{"minecraft:interact_with_smithing_table":3,"minecraft:mob_kills":107,"minecraft:interact_with_crafting_table":41,"minecraft:leave_game":4,"minecraft:time_since_death":152388,"minecraft:climb_one_cm":9791,"minecraft:sprint_one_cm":775553,"minecraft:walk_one_cm":358274,"minecraft:damage_blocked_by_shield":700,"minecraft:drop":49,"minecraft:talked_to_villager":38,"minecraft:play_time":254409,"minecraft:deaths":1,"minecraft:sneak_time":44702,"minecraft:walk_under_water_one_cm":18981,"minecraft:jump":5929,"minecraft:walk_on_water_one_cm":51401,"minecraft:total_world_time":254409,"minecraft:interact_with_furnace":7,"minecraft:interact_with_loom":1,"minecraft:sleep_in_bed":13,"minecraft:time_since_rest":4434,"minecraft:damage_taken":2103,"minecraft:damage_dealt":22006,"minecraft:swim_one_cm":83958,"minecraft:fly_one_cm":1302188,"minecraft:open_chest":117,"minecraft:crouch_one_cm":106481,"minecraft:interact_with_smoker":50,"minecraft:fall_one_cm":123260},"minecraft:dropped":{"minecraft:diamond_axe":1,"minecraft:cooked_beef":12,"minecraft:cooked_porkchop":19,"minecraft:apple":1,"minecraft:iron_leggings":1,"minecraft:string":1,"minecraft:tripwire_hook":7,"minecraft:white_wool":8,"minecraft:stone_axe":1,"minecraft:iron_boots":1,"minecraft:cooked_mutton":8,"minecraft:poppy":8,"minecraft:gunpowder":2,"minecraft:peony":1,"minecraft:acacia_sapling":1,"minecraft:stone_pickaxe":4,"minecraft:enchanting_table":1,"minecraft:egg":1},"minecraft:used":{"minecraft:stone_sword":155,"minecraft:chest":5,"minecraft:shield":19,"minecraft:iron_sword":232,"minecraft:dirt":19,"minecraft:spyglass":47,"minecraft:jungle_planks":12,"minecraft:tuff":3,"minecraft:lava_bucket":15,"minecraft:iron_axe":798,"minecraft:bamboo":24,"minecraft:tripwire_hook":550,"minecraft:oak_sapling":2,"minecraft:egg":3,"minecraft:cooked_beef":16,"minecraft:acacia_planks":5,"minecraft:cobbled_deepslate":19,"minecraft:cooked_mutton":3,"minecraft:acacia_boat":2,"minecraft:water_bucket":25,"minecraft:stone_pickaxe":80,"minecraft:oak_planks":181,"minecraft:wooden_pickaxe":3,"minecraft:diamond_axe":1063,"minecraft:cobblestone_slab":10,"minecraft:crafting_table":6,"minecraft:loom":1,"minecraft:white_bed":10,"minecraft:smoker":4,"minecraft:diamond_pickaxe":24,"minecraft:string":1,"minecraft:melon_slice":51,"minecraft:iron_pickaxe":88,"minecraft:gravel":1,"minecraft:stone_axe":677,"minecraft:cobblestone":28,"minecraft:cooked_porkchop":16,"minecraft:bucket":42},"minecraft:picked_up":{"minecraft:cocoa_beans":1,"minecraft:crafting_table":5,"minecraft:lead":2,"minecraft:shield":1,"minecraft:acacia_door":1,"minecraft:iron_leggings":1,"minecraft:diamond_leggings":1,"minecraft:cobbled_deepslate":19,"minecraft:beef":38,"minecraft:cobblestone_slab":4,"minecraft:poppy":15,"minecraft:iron_pickaxe":2,"minecraft:melon_slice":51,"minecraft:sugar_cane":55,"minecraft:chest":4,"minecraft:birch_sapling":26,"minecraft:egg":16,"minecraft:iron_boots":3,"minecraft:stick":104,"minecraft:raw_iron":2,"minecraft:acacia_log":1478,"minecraft:porkchop":35,"minecraft:diamond_chestplate":1,"minecraft:rotten_flesh":29,"minecraft:arrow":5,"minecraft:peony":1,"minecraft:diamond_boots":1,"minecraft:obsidian":20,"minecraft:mutton":20,"minecraft:cobblestone":112,"minecraft:white_wool":37,"minecraft:birch_log":154,"minecraft:enchanting_table":2,"minecraft:cooked_beef":12,"minecraft:tripwire_hook":1083,"minecraft:water_bucket":1,"minecraft:jungle_log":19,"minecraft:brown_wool":6,"minecraft:leather":22,"minecraft:flint":1,"minecraft:tuff":3,"minecraft:oak_log":528,"minecraft:chainmail_chestplate":8,"minecraft:gunpowder":6,"minecraft:acacia_boat":2,"minecraft:dirt":23,"minecraft:cooked_mutton":2,"minecraft:bone":5,"minecraft:acacia_planks":6,"minecraft:apple":15,"minecraft:wheat_seeds":43,"minecraft:iron_ingot":31,"minecraft:diamond_helmet":1,"minecraft:bamboo":24,"minecraft:oak_planks":183,"minecraft:acacia_sapling":49,"minecraft:cooked_porkchop":5,"minecraft:gravel":1,"minecraft:sand":12,"minecraft:spyglass":1,"minecraft:lava_bucket":1,"minecraft:jungle_planks":5,"minecraft:ink_sac":4,"minecraft:white_bed":10,"minecraft:grass_block":1,"minecraft:chainmail_leggings":13,"minecraft:diamond_axe":2,"minecraft:oak_sapling":57,"minecraft:coal":31,"minecraft:diamond_pickaxe":1,"minecraft:ender_pearl":1},"minecraft:broken":{"minecraft:stone_sword":1,"minecraft:iron_axe":1,"minecraft:stone_axe":5},"minecraft:killed":{"minecraft:spider":1,"minecraft:horse":5,"minecraft:skeleton":6,"minecraft:pig":20,"minecraft:iron_golem":7,"minecraft:wandering_trader":1,"minecraft:creeper":2,"minecraft:squid":3,"minecraft:sheep":16,"minecraft:zombie":23,"minecraft:enderman":2,"minecraft:cow":19},"minecraft:mined":{"minecraft:white_bed":9,"minecraft:oak_sapling":2,"minecraft:obsidian":20,"minecraft:acacia_log":1503,"minecraft:grass_block":9,"minecraft:jungle_planks":6,"minecraft:jungle_log":19,"minecraft:spawner":1,"minecraft:tall_seagrass":2,"minecraft:cobbled_deepslate":19,"minecraft:iron_ore":2,"minecraft:fire":14,"minecraft:peony":1,"minecraft:vine":5,"minecraft:cobblestone_slab":3,"minecraft:dirt_path":1,"minecraft:bamboo":2,"minecraft:stone":100,"minecraft:acacia_leaves":101,"minecraft:crafting_table":4,"minecraft:poppy":1,"minecraft:melon":10,"minecraft:chest":4,"minecraft:cobblestone":13,"minecraft:tall_grass":42,"minecraft:sugar_cane":25,"minecraft:oak_planks":166,"minecraft:wheat":1,"minecraft:birch_log":154,"minecraft:birch_leaves":6,"minecraft:grass":210,"minecraft:coal_ore":31,"minecraft:oak_log":529,"minecraft:gravel":2,"minecraft:sand":12,"minecraft:acacia_door":1,"minecraft:dirt":14,"minecraft:acacia_planks":6,"minecraft:oak_leaves":119}},"DataVersion":3465}