{"stats":{"minecraft:mined":{"minecraft:white_bed":19,"minecraft:oak_sapling":2,"minecraft:pink_bed":1,"minecraft:carved_pumpkin":8,"minecraft:obsidian":20,"minecraft:granite":1,"minecraft:acacia_log":1517,"minecraft:grass_block":756,"minecraft:jungle_log":19,"minecraft:cracked_polished_blackstone_bricks":3,"minecraft:composter":2,"minecraft:spawner":1,"minecraft:weeping_vines_plant":1,"minecraft:polished_blackstone_bricks":2,"minecraft:tall_seagrass":2,"minecraft:magma_block":5,"minecraft:glowstone":70,"minecraft:iron_ore":2,"minecraft:cobbled_deepslate":19,"minecraft:fire":81,"minecraft:pumpkin":11,"minecraft:fletching_table":3,"minecraft:dirt_path":8,"minecraft:orange_bed":6,"minecraft:brown_mushroom":2,"minecraft:blackstone":1,"minecraft:smoker":1,"minecraft:crimson_nylium":3,"minecraft:torch":11,"minecraft:blast_furnace":1,"minecraft:poppy":1,"minecraft:melon":22,"minecraft:chest":5,"minecraft:dead_bush":3,"minecraft:nether_quartz_ore":23,"minecraft:cobblestone":20,"minecraft:grindstone":1,"minecraft:sugar_cane":70,"minecraft:oak_planks":198,"minecraft:nether_wart_block":1,"minecraft:birch_log":443,"minecraft:wheat":205,"minecraft:grass":288,"minecraft:oak_log":1804,"minecraft:sand":12,"minecraft:dirt":419,"minecraft:mangrove_log":44,"minecraft:netherrack":2152,"minecraft:oak_leaves":255,"minecraft:nether_gold_ore":12,"minecraft:mangrove_roots":60,"minecraft:jungle_planks":6,"minecraft:crimson_roots":3,"minecraft:weeping_vines":1,"minecraft:acacia_slab":13,"minecraft:red_mushroom":3,"minecraft:mangrove_propagule":2,"minecraft:crimson_stem":36,"minecraft:oak_trapdoor":3,"minecraft:andesite":2,"minecraft:peony":2,"minecraft:bookshelf":1,"minecraft:cobblestone_slab":3,"minecraft:vine":16,"minecraft:rail":239,"minecraft:bamboo_sapling":1,"minecraft:bamboo":8,"minecraft:stone":178,"minecraft:white_wool":2,"minecraft:acacia_leaves":101,"minecraft:scaffolding":42,"minecraft:brown_carpet":1,"minecraft:crafting_table":8,"minecraft:lectern":181,"minecraft:tall_grass":42,"minecraft:copper_ore":1,"minecraft:birch_leaves":8,"minecraft:mangrove_leaves":18,"minecraft:coal_ore":96,"minecraft:dripstone_block":2,"minecraft:gravel":90,"minecraft:acacia_door":1,"minecraft:acacia_planks":8},"minecraft:killed":{"minecraft:spider":10,"minecraft:skeleton":30,"minecraft:piglin":34,"minecraft:pig":29,"minecraft:zombie_villager":1,"minecraft:iron_golem":7,"minecraft:creeper":9,"minecraft:sheep":16,"minecraft:zombie":69,"minecraft:ghast":3,"minecraft:cow":29,"minecraft:slime":1,"minecraft:phantom":2,"minecraft:horse":5,"minecraft:wandering_trader":1,"minecraft:hoglin":6,"minecraft:squid":3,"minecraft:villager":2,"minecraft:enderman":7},"minecraft:killed_by":{"minecraft:piglin_brute":1,"minecraft:player":1},"minecraft:broken":{"minecraft:iron_shovel":1,"minecraft:stone_pickaxe":1,"minecraft:stone_axe":5,"minecraft:iron_sword":2,"minecraft:stone_sword":1,"minecraft:shield":1,"minecraft:iron_axe":7},"minecraft:crafted":{"minecraft:oak_planks":5116,"minecraft:cobblestone_slab":6,"minecraft:pink_bed":2,"minecraft:oak_pressure_plate":1,"minecraft:loom":1,"minecraft:bookshelf":6,"minecraft:cooked_mutton":11,"minecraft:brown_carpet":6,"minecraft:glass":12,"minecraft:bow":1,"minecraft:chest":5,"minecraft:oak_button":8,"minecraft:acacia_fence":3,"minecraft:rail":144,"minecraft:smoker":4,"minecraft:oak_slab":42,"minecraft:emerald":412,"minecraft:cooked_porkchop":35,"minecraft:diamond_axe":3,"minecraft:crafting_table":5,"minecraft:acacia_slab":36,"minecraft:wooden_pickaxe":1,"minecraft:fletching_table":3,"minecraft:birch_planks":1516,"minecraft:pumpkin_seeds":4,"minecraft:lectern":5,"minecraft:book":31,"minecraft:paper":93,"minecraft:shield":2,"minecraft:stick":13032,"minecraft:stone_sword":1,"minecraft:shears":2,"minecraft:golden_carrot":30,"minecraft:tripwire_hook":2,"minecraft:furnace":5,"minecraft:jack_o_lantern":8,"minecraft:bone_meal":126,"minecraft:pink_dye":2,"minecraft:oak_trapdoor":8,"minecraft:flint_and_steel":2,"minecraft:scaffolding":12,"minecraft:iron_axe":7,"minecraft:stone_pickaxe":4,"minecraft:minecart":2,"minecraft:cooked_beef":64,"minecraft:diamond_sword":1,"minecraft:iron_sword":3,"minecraft:acacia_trapdoor":4,"minecraft:mangrove_planks":176,"minecraft:bucket":2,"minecraft:stone_axe":5,"minecraft:enchanted_book":5,"minecraft:jungle_slab":36,"minecraft:acacia_boat":2,"minecraft:bread":66,"minecraft:air":0,"minecraft:jungle_planks":76,"minecraft:oak_boat":1,"minecraft:iron_shovel":4,"minecraft:white_bed":7,"minecraft:acacia_planks":128},"minecraft:picked_up":{"minecraft:wheat":198,"minecraft:suspicious_stew":3,"minecraft:lead":2,"minecraft:string":6,"minecraft:iron_leggings":1,"minecraft:diamond_leggings":2,"minecraft:gold_nugget":19,"minecraft:cobbled_deepslate":19,"minecraft:cobblestone_slab":4,"minecraft:iron_pickaxe":2,"minecraft:melon_slice":114,"minecraft:mangrove_log":44,"minecraft:iron_boots":3,"minecraft:stick":181,"minecraft:composter":2,"minecraft:torch":13,"minecraft:acacia_log":1492,"minecraft:porkchop":69,"minecraft:vine":1,"minecraft:brown_carpet":1,"minecraft:orange_bed":6,"minecraft:nether_gold_ore":7,"minecraft:rotten_flesh":63,"minecraft:carved_pumpkin":8,"minecraft:mangrove_roots":57,"minecraft:obsidian":20,"minecraft:cobblestone":183,"minecraft:enchanting_table":2,"minecraft:birch_log":443,"minecraft:magma_block":5,"minecraft:cooked_beef":12,"minecraft:andesite":1,"minecraft:water_bucket":2,"minecraft:jungle_log":19,"minecraft:brown_wool":6,"minecraft:smoker":1,"minecraft:potato":1,"minecraft:flint":10,"minecraft:tuff":3,"minecraft:acacia_boat":11,"minecraft:lapis_lazuli":33,"minecraft:dirt":1191,"minecraft:bone":34,"minecraft:acacia_planks":8,"minecraft:bow":2,"minecraft:wheat_seeds":601,"minecraft:bell":1,"minecraft:grindstone":1,"minecraft:fletching_table":3,"minecraft:glowstone_dust":216,"minecraft:diamond_helmet":1,"minecraft:bamboo":61,"minecraft:oak_planks":214,"minecraft:cooked_porkchop":5,"minecraft:jungle_planks":5,"minecraft:sand":12,"minecraft:ink_sac":5,"minecraft:grass_block":1,"minecraft:cracked_polished_blackstone_bricks":3,"minecraft:crossbow":1,"minecraft:golden_apple":1,"minecraft:bread":424,"minecraft:emerald":83,"minecraft:oak_sapling":174,"minecraft:netherrack":1455,"minecraft:crimson_roots":1,"minecraft:diamond_pickaxe":2,"minecraft:cocoa_beans":1,"minecraft:crafting_table":10,"minecraft:chicken":1,"minecraft:brown_mushroom":10,"minecraft:shield":1,"minecraft:oak_trapdoor":4,"minecraft:moss_carpet":9,"minecraft:acacia_door":1,"minecraft:beef":57,"minecraft:oak_boat":2,"minecraft:poppy":15,"minecraft:lectern":180,"minecraft:minecart":29,"minecraft:chest":5,"minecraft:sugar_cane":136,"minecraft:birch_sapling":31,"minecraft:phantom_membrane":1,"minecraft:egg":21,"minecraft:raw_iron":2,"minecraft:bowl":4,"minecraft:polished_blackstone_bricks":2,"minecraft:cookie":1,"minecraft:diamond_chestplate":1,"minecraft:arrow":28,"minecraft:weeping_vines":4,"minecraft:peony":2,"minecraft:diamond_boots":1,"minecraft:mutton":20,"minecraft:white_wool":127,"minecraft:rail":266,"minecraft:golden_carrot":45,"minecraft:tripwire_hook":1085,"minecraft:crimson_stem":36,"minecraft:leather":34,"minecraft:red_mushroom":3,"minecraft:oak_log":1801,"minecraft:chainmail_chestplate":8,"minecraft:nether_wart_block":1,"minecraft:gunpowder":18,"minecraft:cooked_mutton":2,"minecraft:apple":44,"minecraft:iron_ingot":38,"minecraft:acacia_sapling":49,"minecraft:iron_sword":1,"minecraft:book":5,"minecraft:scaffolding":59,"minecraft:pink_bed":1,"minecraft:nether_quartz_ore":30,"minecraft:pumpkin":11,"minecraft:quartz":7,"minecraft:spyglass":1,"minecraft:gravel":85,"minecraft:lava_bucket":1,"minecraft:blast_furnace":1,"minecraft:white_bed":20,"minecraft:spider_eye":2,"minecraft:pumpkin_seeds":32,"minecraft:slime_ball":2,"minecraft:chainmail_leggings":13,"minecraft:diamond_axe":2,"minecraft:acacia_slab":12,"minecraft:mangrove_propagule":3,"minecraft:coal":96,"minecraft:ender_pearl":3},"minecraft:used":{"minecraft:jack_o_lantern":8,"minecraft:iron_shovel":1159,"minecraft:chest":10,"minecraft:shield":124,"minecraft:iron_sword":594,"minecraft:bell":1,"minecraft:rotten_flesh":5,"minecraft:jungle_planks":12,"minecraft:tuff":3,"minecraft:obsidian":20,"minecraft:glass":12,"minecraft:lava_bucket":15,"minecraft:bow":6,"minecraft:brown_carpet":5,"minecraft:scaffolding":47,"minecraft:oak_sapling":2,"minecraft:acacia_fence":1,"minecraft:egg":4,"minecraft:acacia_trapdoor":4,"minecraft:oak_planks":296,"minecraft:stone_pickaxe":211,"minecraft:wooden_pickaxe":3,"minecraft:composter":1,"minecraft:diamond_axe":1486,"minecraft:sugar_cane":26,"minecraft:white_wool":3,"minecraft:loom":2,"minecraft:blast_furnace":1,"minecraft:crossbow":1,"minecraft:shears":9,"minecraft:melon_slice":114,"minecraft:string":1,"minecraft:lectern":185,"minecraft:gravel":72,"minecraft:nether_wart_block":1,"minecraft:diamond_sword":115,"minecraft:grindstone":1,"minecraft:oak_boat":2,"minecraft:bone_meal":9,"minecraft:oak_trapdoor":10,"minecraft:stone_sword":155,"minecraft:flint_and_steel":54,"minecraft:netherrack":1159,"minecraft:orange_bed":5,"minecraft:torch":4,"minecraft:dirt":970,"minecraft:spyglass":143,"minecraft:bookshelf":1,"minecraft:iron_axe":2428,"minecraft:acacia_slab":37,"minecraft:bamboo":49,"minecraft:tripwire_hook":550,"minecraft:golden_carrot":28,"minecraft:minecart":29,"minecraft:cooked_beef":51,"minecraft:acacia_planks":8,"minecraft:cobbled_deepslate":19,"minecraft:pumpkin":10,"minecraft:wheat_seeds":213,"minecraft:cooked_mutton":3,"minecraft:acacia_boat":12,"minecraft:water_bucket":72,"minecraft:fletching_table":6,"minecraft:cobblestone_slab":10,"minecraft:rail":328,"minecraft:crafting_table":11,"minecraft:white_bed":25,"minecraft:smoker":6,"minecraft:diamond_pickaxe":2316,"minecraft:apple":15,"minecraft:suspicious_stew":3,"minecraft:iron_pickaxe":296,"minecraft:stone_axe":677,"minecraft:pink_bed":2,"minecraft:cobblestone":109,"minecraft:porkchop":19,"minecraft:cooked_porkchop":16,"minecraft:bucket":90,"minecraft:diamond_leggings":1},"minecraft:custom":{"minecraft:interact_with_crafting_table":95,"minecraft:bell_ring":23,"minecraft:leave_game":11,"minecraft:time_since_death":139824,"minecraft:sprint_one_cm":2399970,"minecraft:damage_blocked_by_shield":3670,"minecraft:drop":100,"minecraft:talked_to_villager":671,"minecraft:play_time":722432,"minecraft:deaths":4,"minecraft:jump":16223,"minecraft:walk_on_water_one_cm":82344,"minecraft:enchant_item":2,"minecraft:interact_with_furnace":9,"minecraft:traded_with_villager":431,"minecraft:interact_with_loom":2,"minecraft:sleep_in_bed":34,"minecraft:damage_dealt":51597,"minecraft:crouch_one_cm":399005,"minecraft:interact_with_smoker":59,"minecraft:interact_with_smithing_table":3,"minecraft:mob_kills":268,"minecraft:inspect_hopper":1,"minecraft:climb_one_cm":34951,"minecraft:walk_one_cm":1457273,"minecraft:sneak_time":118762,"minecraft:walk_under_water_one_cm":26759,"minecraft:boat_one_cm":9692,"minecraft:interact_with_blast_furnace":4,"minecraft:total_world_time":722432,"minecraft:interact_with_grindstone":3,"minecraft:time_since_rest":76,"minecraft:damage_taken":6480,"minecraft:minecart_one_cm":261,"minecraft:swim_one_cm":97902,"minecraft:fly_one_cm":3536546,"minecraft:open_chest":466,"minecraft:fall_one_cm":360830},"minecraft:dropped":{"minecraft:iron_sword":1,"minecraft:porkchop":2,"minecraft:diamond_axe":1,"minecraft:lapis_lazuli":2,"minecraft:cooked_beef":12,"minecraft:cooked_porkchop":19,"minecraft:cookie":1,"minecraft:weeping_vines":4,"minecraft:leather":9,"minecraft:rail":1,"minecraft:red_mushroom":1,"minecraft:emerald":64,"minecraft:crimson_roots":1,"minecraft:bone_meal":96,"minecraft:white_wool":47,"minecraft:bone":5,"minecraft:gravel":29,"minecraft:stone_axe":1,"minecraft:oak_planks":49,"minecraft:cooked_mutton":8,"minecraft:poppy":8,"minecraft:gunpowder":2,"minecraft:acacia_sapling":1,"minecraft:enchanting_table":1,"minecraft:egg":2,"minecraft:enchanted_book":1,"minecraft:bread":472,"minecraft:wheat_seeds":3,"minecraft:lead":2,"minecraft:book":2,"minecraft:apple":1,"minecraft:golden_carrot":14,"minecraft:torch":1,"minecraft:iron_leggings":1,"minecraft:string":1,"minecraft:tripwire_hook":8,"minecraft:chicken":1,"minecraft:iron_boots":1,"minecraft:peony":1,"minecraft:oak_sapling":21,"minecraft:spider_eye":1,"minecraft:stone_pickaxe":4,"minecraft:nether_quartz_ore":15}},"DataVersion":3465}