{"stats":{"minecraft:mined":{"minecraft:oak_sapling":2,"minecraft:white_bed":24,"minecraft:pink_bed":2,"minecraft:obsidian":46,"minecraft:carved_pumpkin":8,"minecraft:granite":13,"minecraft:acacia_log":1517,"minecraft:grass_block":1738,"minecraft:jungle_log":19,"minecraft:cracked_polished_blackstone_bricks":3,"minecraft:composter":2,"minecraft:crimson_fungus":11,"minecraft:spawner":1,"minecraft:weeping_vines_plant":1,"minecraft:polished_blackstone_bricks":2,"minecraft:tall_seagrass":3,"minecraft:magma_block":15,"minecraft:glowstone":70,"minecraft:iron_ore":3,"minecraft:barrel":8,"minecraft:fire":552,"minecraft:cobbled_deepslate":21,"minecraft:pumpkin":11,"minecraft:fletching_table":3,"minecraft:dirt_path":8,"minecraft:iron_bars":1,"minecraft:white_banner":2,"minecraft:orange_bed":10,"minecraft:tripwire":2,"minecraft:brown_mushroom":3,"minecraft:quartz_block":4,"minecraft:red_bed":1,"minecraft:blackstone":32,"minecraft:crimson_nylium":32,"minecraft:smoker":1,"minecraft:torch":20,"minecraft:blast_furnace":2,"minecraft:poppy":2,"minecraft:melon":22,"minecraft:chest":9,"minecraft:dead_bush":6,"minecraft:nether_quartz_ore":88,"minecraft:cobblestone":47,"minecraft:oak_planks":257,"minecraft:sugar_cane":70,"minecraft:grindstone":1,"minecraft:wall_torch":2,"minecraft:nether_wart_block":1,"minecraft:birch_log":499,"minecraft:wheat":205,"minecraft:grass":361,"minecraft:oak_log":1992,"minecraft:sand":13,"minecraft:dirt":1545,"minecraft:mangrove_log":44,"minecraft:ancient_debris":34,"minecraft:netherrack":4201,"minecraft:oak_leaves":294,"minecraft:deepslate":19,"minecraft:nether_gold_ore":12,"minecraft:deepslate_diamond_ore":17,"minecraft:mangrove_roots":60,"minecraft:jungle_planks":6,"minecraft:crimson_roots":4,"minecraft:weeping_vines":1,"minecraft:acacia_slab":13,"minecraft:red_mushroom":4,"minecraft:mangrove_propagule":2,"minecraft:crimson_stem":44,"minecraft:oak_trapdoor":6,"minecraft:andesite":31,"minecraft:peony":2,"minecraft:bookshelf":2,"minecraft:cobblestone_slab":3,"minecraft:vine":17,"minecraft:rail":535,"minecraft:lantern":1,"minecraft:bamboo_sapling":2,"minecraft:bamboo":16,"minecraft:stone":870,"minecraft:white_wool":2,"minecraft:cake":1,"minecraft:smithing_table":1,"minecraft:oak_slab":9,"minecraft:scaffolding":53,"minecraft:acacia_leaves":101,"minecraft:infested_stone_bricks":1,"minecraft:soul_sand":1,"minecraft:brown_carpet":1,"minecraft:crafting_table":18,"minecraft:lectern":919,"minecraft:copper_ore":7,"minecraft:tall_grass":44,"minecraft:diorite":28,"minecraft:blue_bed":1,"minecraft:birch_planks":1,"minecraft:birch_leaves":9,"minecraft:mangrove_leaves":18,"minecraft:coal_ore":205,"minecraft:acacia_door":1,"minecraft:gravel":98,"minecraft:dripstone_block":2,"minecraft:cracked_stone_bricks":1,"minecraft:acacia_planks":10,"minecraft:stone_bricks":7,"minecraft:mossy_stone_bricks":4},"minecraft:crafted":{"minecraft:oak_planks":5952,"minecraft:cobblestone_slab":6,"minecraft:barrel":5,"minecraft:pink_bed":2,"minecraft:oak_pressure_plate":1,"minecraft:loom":1,"minecraft:diamond_shovel":1,"minecraft:bookshelf":10,"minecraft:cooked_mutton":11,"minecraft:brown_carpet":6,"minecraft:quartz_block":26,"minecraft:glass":12,"minecraft:hopper":4,"minecraft:bow":1,"minecraft:chest":21,"minecraft:netherite_helmet":1,"minecraft:oak_button":8,"minecraft:acacia_fence":3,"minecraft:netherite_upgrade_smithing_template":16,"minecraft:rail":144,"minecraft:smoker":4,"minecraft:oak_slab":132,"minecraft:emerald":2678,"minecraft:arrow":48,"minecraft:cooked_porkchop":35,"minecraft:diamond_axe":4,"minecraft:crafting_table":8,"minecraft:acacia_slab":36,"minecraft:wooden_pickaxe":1,"minecraft:fletching_table":3,"minecraft:birch_planks":1664,"minecraft:pumpkin_seeds":4,"minecraft:lectern":7,"minecraft:book":31,"minecraft:paper":93,"minecraft:diamond_pickaxe":3,"minecraft:shield":5,"minecraft:stick":13032,"minecraft:iron_block":325,"minecraft:stone_sword":1,"minecraft:netherite_ingot":4,"minecraft:shears":2,"minecraft:golden_carrot":246,"minecraft:redstone":24,"minecraft:stone_shovel":7,"minecraft:tripwire_hook":2,"minecraft:netherite_sword":1,"minecraft:experience_bottle":22,"minecraft:furnace":5,"minecraft:jack_o_lantern":8,"minecraft:bone_meal":255,"minecraft:pink_dye":2,"minecraft:oak_trapdoor":24,"minecraft:flint_and_steel":2,"minecraft:scaffolding":24,"minecraft:blue_ice":6,"minecraft:netherite_leggings":1,"minecraft:iron_axe":8,"minecraft:stone_pickaxe":4,"minecraft:redstone_block":31,"minecraft:minecart":4,"minecraft:cooked_beef":64,"minecraft:coal_block":11,"minecraft:crimson_planks":28,"minecraft:netherite_pickaxe":1,"minecraft:diamond_sword":2,"minecraft:iron_sword":3,"minecraft:acacia_trapdoor":4,"minecraft:mangrove_planks":176,"minecraft:bucket":2,"minecraft:stone_axe":5,"minecraft:glowstone":18,"minecraft:enchanted_book":32,"minecraft:acacia_boat":2,"minecraft:jungle_slab":36,"minecraft:bread":152,"minecraft:air":0,"minecraft:jungle_planks":76,"minecraft:oak_boat":11,"minecraft:white_wool":787,"minecraft:iron_shovel":4,"minecraft:anvil":5,"minecraft:white_bed":208,"minecraft:acacia_planks":128,"minecraft:torch":8,"minecraft:lapis_lazuli":12},"minecraft:picked_up":{"minecraft:wheat":198,"minecraft:ender_chest":1,"minecraft:suspicious_stew":3,"minecraft:smithing_table":1,"minecraft:lead":2,"minecraft:diamond_sword":1,"minecraft:golden_sword":5,"minecraft:string":663,"minecraft:raw_copper":2,"minecraft:iron_leggings":2,"minecraft:netherite_ingot":6,"minecraft:diamond_leggings":4,"minecraft:gold_nugget":24,"minecraft:cobbled_deepslate":43,"minecraft:bucket":3,"minecraft:cobblestone_slab":4,"minecraft:ender_eye":1,"minecraft:netherite_upgrade_smithing_template":1,"minecraft:iron_pickaxe":2,"minecraft:melon_slice":114,"minecraft:mangrove_log":44,"minecraft:iron_boots":3,"minecraft:stick":228,"minecraft:composter":2,"minecraft:torch":33,"minecraft:acacia_log":1492,"minecraft:porkchop":88,"minecraft:pointed_dripstone":2,"minecraft:diorite":48,"minecraft:vine":1,"minecraft:brown_carpet":1,"minecraft:orange_bed":10,"minecraft:quartz_block":4,"minecraft:nether_gold_ore":7,"minecraft:rotten_flesh":96,"minecraft:carved_pumpkin":8,"minecraft:mangrove_roots":57,"minecraft:netherite_chestplate":1,"minecraft:obsidian":94,"minecraft:iron_bars":14,"minecraft:cobblestone":692,"minecraft:birch_log":499,"minecraft:enchanting_table":2,"minecraft:magma_block":11,"minecraft:cooked_beef":12,"minecraft:andesite":57,"minecraft:water_bucket":3,"minecraft:jungle_log":19,"minecraft:brown_wool":6,"minecraft:smoker":1,"minecraft:potato":21,"minecraft:flint":11,"minecraft:tuff":8,"minecraft:acacia_boat":14,"minecraft:netherite_leggings":1,"minecraft:lapis_lazuli":33,"minecraft:dirt":3337,"minecraft:lantern":5,"minecraft:bone":56,"minecraft:acacia_planks":10,"minecraft:bow":5,"minecraft:wheat_seeds":612,"minecraft:bell":1,"minecraft:grindstone":1,"minecraft:fletching_table":3,"minecraft:diamond_helmet":3,"minecraft:glowstone_dust":216,"minecraft:bamboo":148,"minecraft:oak_planks":978,"minecraft:cooked_porkchop":5,"minecraft:poisonous_potato":4,"minecraft:sand":12,"minecraft:jungle_planks":5,"minecraft:ink_sac":5,"minecraft:grass_block":2,"minecraft:barrel":11,"minecraft:diamond":77,"minecraft:netherite_helmet":1,"minecraft:lever":1,"minecraft:cracked_polished_blackstone_bricks":3,"minecraft:crossbow":2,"minecraft:granite":6,"minecraft:golden_apple":2,"minecraft:emerald":87,"minecraft:bread":424,"minecraft:oak_sapling":194,"minecraft:netherrack":3471,"minecraft:crimson_roots":2,"minecraft:diamond_pickaxe":4,"minecraft:cocoa_beans":1,"minecraft:crafting_table":20,"minecraft:chicken":1,"minecraft:ladder":3,"minecraft:brown_mushroom":15,"minecraft:shield":2,"minecraft:elytra":1,"minecraft:oak_trapdoor":7,"minecraft:red_bed":1,"minecraft:moss_carpet":9,"minecraft:acacia_door":1,"minecraft:flint_and_steel":2,"minecraft:blackstone":42,"minecraft:netherite_sword":2,"minecraft:beef":57,"minecraft:oak_boat":13,"minecraft:poppy":20,"minecraft:minecart":56,"minecraft:lectern":918,"minecraft:chest":9,"minecraft:sugar_cane":142,"minecraft:birch_sapling":34,"minecraft:copper_ore":5,"minecraft:phantom_membrane":24,"minecraft:egg":21,"minecraft:raw_iron":3,"minecraft:stone":231,"minecraft:bowl":4,"minecraft:polished_blackstone_bricks":2,"minecraft:cookie":1,"minecraft:netherite_pickaxe":1,"minecraft:stone_shovel":3,"minecraft:arrow":44,"minecraft:weeping_vines":4,"minecraft:diamond_chestplate":3,"minecraft:peony":2,"minecraft:shears":1,"minecraft:diamond_boots":3,"minecraft:mutton":20,"minecraft:rail":641,"minecraft:white_wool":786,"minecraft:netherite_boots":1,"minecraft:golden_carrot":74,"minecraft:tripwire_hook":1106,"minecraft:crimson_stem":43,"minecraft:leather":37,"minecraft:red_mushroom":4,"minecraft:birch_planks":1,"minecraft:crimson_fungus":11,"minecraft:oak_log":1987,"minecraft:chainmail_chestplate":9,"minecraft:ancient_debris":34,"minecraft:golden_boots":1,"minecraft:nether_wart_block":8,"minecraft:gunpowder":21,"minecraft:blue_bed":1,"minecraft:white_banner":2,"minecraft:cooked_mutton":2,"minecraft:apple":51,"minecraft:kelp":11,"minecraft:iron_ingot":48,"minecraft:iron_sword":1,"minecraft:acacia_sapling":49,"minecraft:soul_sand":2,"minecraft:book":8,"minecraft:oak_slab":94,"minecraft:scaffolding":82,"minecraft:pink_bed":2,"minecraft:nether_quartz_ore":56,"minecraft:pumpkin":11,"minecraft:quartz":47,"minecraft:spyglass":2,"minecraft:gravel":94,"minecraft:lava_bucket":1,"minecraft:blast_furnace":2,"minecraft:white_bed":23,"minecraft:spider_eye":3,"minecraft:firework_rocket":60,"minecraft:pumpkin_seeds":32,"minecraft:coal_ore":57,"minecraft:slime_ball":2,"minecraft:chainmail_leggings":13,"minecraft:diamond_axe":5,"minecraft:netherite_hoe":1,"minecraft:acacia_slab":12,"minecraft:crimson_nylium":27,"minecraft:mangrove_propagule":3,"minecraft:coal":202,"minecraft:ender_pearl":5},"minecraft:killed_by":{"minecraft:piglin_brute":1,"minecraft:player":1},"minecraft:killed":{"minecraft:zombified_piglin":2,"minecraft:spider":17,"minecraft:skeleton":43,"minecraft:silverfish":1,"minecraft:cat":1,"minecraft:magma_cube":10,"minecraft:piglin":49,"minecraft:pig":29,"minecraft:zombie_villager":1,"minecraft:iron_golem":8,"minecraft:creeper":12,"minecraft:sheep":16,"minecraft:zombie":98,"minecraft:ghast":3,"minecraft:cow":29,"minecraft:slime":1,"minecraft:phantom":12,"minecraft:horse":5,"minecraft:drowned":1,"minecraft:wandering_trader":1,"minecraft:hoglin":14,"minecraft:squid":3,"minecraft:villager":2,"minecraft:enderman":9},"minecraft:custom":{"minecraft:interact_with_crafting_table":199,"minecraft:open_barrel":4,"minecraft:bell_ring":48,"minecraft:leave_game":19,"minecraft:time_since_death":490832,"minecraft:sprint_one_cm":4312601,"minecraft:damage_blocked_by_shield":6651,"minecraft:drop":175,"minecraft:talked_to_villager":2881,"minecraft:play_time":1410286,"minecraft:deaths":5,"minecraft:jump":27526,"minecraft:interact_with_brewingstand":2,"minecraft:walk_on_water_one_cm":102771,"minecraft:enchant_item":2,"minecraft:interact_with_furnace":10,"minecraft:traded_with_villager":2896,"minecraft:interact_with_loom":4,"minecraft:sleep_in_bed":48,"minecraft:open_enderchest":2,"minecraft:damage_dealt":73797,"minecraft:crouch_one_cm":808351,"minecraft:interact_with_smoker":60,"minecraft:interact_with_smithing_table":10,"minecraft:interact_with_anvil":21,"minecraft:mob_kills":373,"minecraft:inspect_hopper":1,"minecraft:climb_one_cm":49591,"minecraft:walk_one_cm":2992502,"minecraft:sneak_time":219464,"minecraft:walk_under_water_one_cm":81451,"minecraft:boat_one_cm":89928,"minecraft:interact_with_blast_furnace":4,"minecraft:total_world_time":1410286,"minecraft:interact_with_grindstone":10,"minecraft:time_since_rest":97858,"minecraft:damage_taken":12493,"minecraft:minecart_one_cm":261,"minecraft:swim_one_cm":140189,"minecraft:fly_one_cm":6566496,"minecraft:open_chest":1479,"minecraft:aviate_one_cm":88752,"minecraft:fall_one_cm":483630},"minecraft:broken":{"minecraft:iron_shovel":3,"minecraft:stone_pickaxe":1,"minecraft:diamond_pickaxe":1,"minecraft:stone_axe":5,"minecraft:iron_sword":2,"minecraft:stone_shovel":4,"minecraft:stone_sword":1,"minecraft:shield":1,"minecraft:iron_axe":8,"minecraft:iron_pickaxe":1},"minecraft:dropped":{"minecraft:iron_sword":1,"minecraft:lapis_lazuli":2,"minecraft:brown_mushroom":2,"minecraft:porkchop":7,"minecraft:diamond_axe":3,"minecraft:cooked_beef":12,"minecraft:cooked_porkchop":19,"minecraft:weeping_vines":4,"minecraft:cookie":1,"minecraft:leather":9,"minecraft:elytra":1,"minecraft:rail":1,"minecraft:red_mushroom":1,"minecraft:flint":1,"minecraft:emerald":68,"minecraft:dirt":267,"minecraft:crimson_roots":1,"minecraft:netherite_boots":1,"minecraft:bone_meal":96,"minecraft:phantom_membrane":5,"minecraft:white_wool":47,"minecraft:bone":5,"minecraft:gravel":30,"minecraft:stone_axe":1,"minecraft:spyglass":1,"minecraft:netherite_sword":2,"minecraft:obsidian":12,"minecraft:rotten_flesh":10,"minecraft:oak_planks":138,"minecraft:cooked_mutton":8,"minecraft:chainmail_chestplate":2,"minecraft:poppy":8,"minecraft:gunpowder":2,"minecraft:acacia_sapling":1,"minecraft:arrow":27,"minecraft:quartz":6,"minecraft:netherrack":35,"minecraft:enchanting_table":1,"minecraft:firework_rocket":57,"minecraft:egg":2,"minecraft:enchanted_book":1,"minecraft:iron_ingot":4,"minecraft:bread":568,"minecraft:oak_slab":2,"minecraft:netherite_pickaxe":1,"minecraft:wheat_seeds":8,"minecraft:minecart":1,"minecraft:netherite_chestplate":1,"minecraft:netherite_helmet":1,"minecraft:book":2,"minecraft:lead":2,"minecraft:apple":4,"minecraft:granite":6,"minecraft:stick":1,"minecraft:diorite":19,"minecraft:golden_carrot":14,"minecraft:torch":2,"minecraft:nether_wart_block":7,"minecraft:iron_leggings":3,"minecraft:white_banner":1,"minecraft:string":61,"minecraft:tripwire_hook":8,"minecraft:kelp":11,"minecraft:netherite_hoe":1,"minecraft:ender_chest":1,"minecraft:netherite_ingot":5,"minecraft:bowl":7,"minecraft:chicken":1,"minecraft:iron_boots":2,"minecraft:netherite_leggings":1,"minecraft:peony":1,"minecraft:diamond_pickaxe":1,"minecraft:andesite":46,"minecraft:oak_boat":2,"minecraft:oak_sapling":29,"minecraft:spider_eye":1,"minecraft:bamboo":62,"minecraft:bow":2,"minecraft:stone_pickaxe":4,"minecraft:nether_quartz_ore":15},"minecraft:used":{"minecraft:jack_o_lantern":8,"minecraft:iron_shovel":1611,"minecraft:elytra":2,"minecraft:poppy":3,"minecraft:shield":219,"minecraft:chest":26,"minecraft:stone":37,"minecraft:iron_sword":634,"minecraft:rotten_flesh":7,"minecraft:bell":1,"minecraft:soul_sand":1,"minecraft:jungle_planks":12,"minecraft:tuff":3,"minecraft:obsidian":75,"minecraft:glass":12,"minecraft:lava_bucket":15,"minecraft:coal_ore":54,"minecraft:lantern":5,"minecraft:grass_block":1,"minecraft:quartz_block":27,"minecraft:magma_block":6,"minecraft:brown_carpet":5,"minecraft:bow":88,"minecraft:scaffolding":58,"minecraft:oak_sapling":2,"minecraft:acacia_fence":1,"minecraft:egg":4,"minecraft:oak_planks":469,"minecraft:stone_pickaxe":211,"minecraft:acacia_trapdoor":4,"minecraft:blackstone":16,"minecraft:wooden_pickaxe":3,"minecraft:composter":1,"minecraft:diamond_axe":2501,"minecraft:blue_bed":1,"minecraft:sugar_cane":28,"minecraft:white_wool":3,"minecraft:loom":2,"minecraft:blast_furnace":2,"minecraft:crossbow":1,"minecraft:shears":11,"minecraft:lever":1,"minecraft:firework_rocket":3,"minecraft:melon_slice":114,"minecraft:string":6,"minecraft:lectern":925,"minecraft:gravel":80,"minecraft:nether_wart_block":1,"minecraft:diamond_sword":244,"minecraft:grindstone":1,"minecraft:smithing_table":1,"minecraft:andesite":2,"minecraft:oak_boat":21,"minecraft:oak_trapdoor":31,"minecraft:bone_meal":34,"minecraft:experience_bottle":22,"minecraft:netherite_sword":165,"minecraft:stone_sword":155,"minecraft:flint_and_steel":79,"minecraft:stone_shovel":606,"minecraft:netherrack":3106,"minecraft:orange_bed":9,"minecraft:torch":29,"minecraft:spyglass":146,"minecraft:brewing_stand":1,"minecraft:dirt":3019,"minecraft:anvil":5,"minecraft:hopper":4,"minecraft:nether_quartz_ore":26,"minecraft:bookshelf":2,"minecraft:iron_axe":2565,"minecraft:acacia_slab":37,"minecraft:barrel":14,"minecraft:bamboo":55,"minecraft:diamond_chestplate":2,"minecraft:tripwire_hook":552,"minecraft:golden_carrot":146,"minecraft:netherite_pickaxe":55,"minecraft:minecart":58,"minecraft:cooked_beef":51,"minecraft:cobbled_deepslate":39,"minecraft:acacia_planks":8,"minecraft:pumpkin":10,"minecraft:cooked_mutton":3,"minecraft:wheat_seeds":213,"minecraft:acacia_boat":14,"minecraft:water_bucket":118,"minecraft:birch_planks":4,"minecraft:fletching_table":6,"minecraft:cobblestone_slab":10,"minecraft:rail":700,"minecraft:crafting_table":24,"minecraft:oak_slab":29,"minecraft:red_bed":1,"minecraft:white_bed":125,"minecraft:smoker":6,"minecraft:ender_eye":1,"minecraft:diamond_pickaxe":5499,"minecraft:apple":15,"minecraft:diamond_shovel":1013,"minecraft:iron_pickaxe":567,"minecraft:suspicious_stew":3,"minecraft:crimson_nylium":5,"minecraft:stone_axe":677,"minecraft:pink_bed":3,"minecraft:crimson_fungus":6,"minecraft:cobblestone":552,"minecraft:porkchop":19,"minecraft:cooked_porkchop":16,"minecraft:bucket":136,"minecraft:diamond_leggings":1}},"DataVersion":3465}