{"stats":{"minecraft:custom":{"minecraft:mob_kills":35,"minecraft:interact_with_crafting_table":59,"minecraft:bell_ring":16,"minecraft:leave_game":5,"minecraft:time_since_death":181076,"minecraft:climb_one_cm":7024,"minecraft:sprint_one_cm":525906,"minecraft:walk_one_cm":494304,"minecraft:drop":68,"minecraft:talked_to_villager":164,"minecraft:play_time":231208,"minecraft:deaths":1,"minecraft:sneak_time":10161,"minecraft:walk_under_water_one_cm":4355,"minecraft:jump":3367,"minecraft:walk_on_water_one_cm":18786,"minecraft:enchant_item":5,"minecraft:total_world_time":231208,"minecraft:interact_with_furnace":17,"minecraft:traded_with_villager":476,"minecraft:interact_with_grindstone":7,"minecraft:sleep_in_bed":13,"minecraft:time_since_rest":39302,"minecraft:damage_taken":1197,"minecraft:damage_dealt":17470,"minecraft:swim_one_cm":23421,"minecraft:fly_one_cm":563318,"minecraft:open_chest":158,"minecraft:crouch_one_cm":11695,"minecraft:interact_with_smoker":3,"minecraft:fall_one_cm":56430},"minecraft:crafted":{"minecraft:golden_carrot":12,"minecraft:grindstone":1,"minecraft:cookie":144,"minecraft:oak_planks":704,"minecraft:smooth_stone":3,"minecraft:stone_shovel":10,"minecraft:tripwire_hook":2,"minecraft:furnace":3,"minecraft:blast_furnace":1,"minecraft:stone":6,"minecraft:bookshelf":15,"minecraft:cooked_mutton":5,"minecraft:cake":7,"minecraft:diamond_leggings":1,"minecraft:iron_boots":10,"minecraft:iron_axe":1,"minecraft:stone_pickaxe":1,"minecraft:chest":1,"minecraft:diamond_boots":1,"minecraft:chainmail_leggings":12,"minecraft:wheat":162,"minecraft:oak_slab":12,"minecraft:emerald":393,"minecraft:diamond_axe":4,"minecraft:crafting_table":1,"minecraft:wooden_pickaxe":1,"minecraft:iron_helmet":1,"minecraft:iron_sword":1,"minecraft:smithing_table":1,"minecraft:chainmail_chestplate":8,"minecraft:fletching_table":2,"minecraft:stone_axe":1,"minecraft:bread":36,"minecraft:air":0,"minecraft:apple":48,"minecraft:book":47,"minecraft:iron_chestplate":1,"minecraft:paper":141,"minecraft:diamond_pickaxe":1,"minecraft:stick":7124,"minecraft:stone_slab":6,"minecraft:iron_ingot":37,"minecraft:iron_pickaxe":4,"minecraft:stone_sword":1,"minecraft:iron_leggings":1,"minecraft:composter":1,"minecraft:acacia_planks":2456},"minecraft:mined":{"minecraft:acacia_log":34,"minecraft:grass_block":3,"minecraft:acacia_slab":6,"minecraft:hay_block":18,"minecraft:furnace":1,"minecraft:iron_ore":1,"minecraft:acacia_stairs":6,"minecraft:fletching_table":3,"minecraft:enchanting_table":1,"minecraft:bell":1,"minecraft:stone":34,"minecraft:white_wool":5,"minecraft:orange_bed":1,"minecraft:acacia_leaves":2,"minecraft:red_bed":1,"minecraft:crafting_table":2,"minecraft:torch":1,"minecraft:blast_furnace":1,"minecraft:tall_grass":3,"minecraft:cobblestone":4,"minecraft:sugar_cane":74,"minecraft:oak_planks":8,"minecraft:seagrass":2,"minecraft:wheat":47,"minecraft:grass":22,"minecraft:oak_log":10,"minecraft:coal_ore":9,"minecraft:acacia_fence":13,"minecraft:gravel":19,"minecraft:dirt":1,"minecraft:acacia_planks":13,"minecraft:tripwire_hook":1,"minecraft:oak_leaves":1},"minecraft:broken":{"minecraft:stone_sword":1,"minecraft:stone_axe":1},"minecraft:dropped":{"minecraft:iron_ingot":7,"minecraft:iron_sword":1,"minecraft:lapis_lazuli":3,"minecraft:book":1,"minecraft:emerald":21,"minecraft:chainmail_leggings":12,"minecraft:cobbled_deepslate":120,"minecraft:stone_shovel":18,"minecraft:iron_boots":10,"minecraft:chainmail_chestplate":12,"minecraft:diamond_pickaxe":1},"minecraft:picked_up":{"minecraft:crafting_table":2,"minecraft:wheat":46,"minecraft:wooden_pickaxe":1,"minecraft:string":32,"minecraft:red_bed":1,"minecraft:cobbled_deepslate":128,"minecraft:beef":26,"minecraft:poppy":20,"minecraft:iron_pickaxe":1,"minecraft:sugar_cane":157,"minecraft:furnace":1,"minecraft:stick":12,"minecraft:raw_iron":100,"minecraft:acacia_fence":26,"minecraft:torch":2,"minecraft:acacia_log":32,"minecraft:orange_bed":1,"minecraft:stone_sword":1,"minecraft:stone_shovel":8,"minecraft:hay_block":30,"minecraft:saddle":1,"minecraft:mutton":5,"minecraft:cobblestone":55,"minecraft:white_wool":11,"minecraft:enchanting_table":1,"minecraft:cooked_beef":4,"minecraft:tripwire_hook":1074,"minecraft:leather":18,"minecraft:potato":1,"minecraft:flint":8,"minecraft:oak_log":10,"minecraft:chainmail_chestplate":4,"minecraft:dirt":4,"minecraft:acacia_planks":488,"minecraft:apple":1,"minecraft:wheat_seeds":129,"minecraft:raw_gold":21,"minecraft:bell":1,"minecraft:iron_ingot":67,"minecraft:fletching_table":3,"minecraft:acacia_sapling":6,"minecraft:oak_planks":12,"minecraft:iron_sword":1,"minecraft:book":1,"minecraft:spyglass":1,"minecraft:gravel":12,"minecraft:blast_furnace":1,"minecraft:acacia_stairs":10,"minecraft:diamond":44,"minecraft:stone_axe":1,"minecraft:diamond_axe":1,"minecraft:emerald":10,"minecraft:brown_banner":4,"minecraft:acacia_slab":12,"minecraft:melon_seeds":1,"minecraft:coal":17,"minecraft:diamond_pickaxe":1},"minecraft:killed_by":{"minecraft:iron_golem":1},"minecraft:killed":{"minecraft:iron_golem":16,"minecraft:sheep":2,"minecraft:zombie":2,"minecraft:donkey":3,"minecraft:cow":11},"minecraft:used":{"minecraft:enchanting_table":1,"minecraft:stone_sword":133,"minecraft:acacia_log":3,"minecraft:stone_shovel":15,"minecraft:chest":1,"minecraft:iron_sword":56,"minecraft:bell":1,"minecraft:iron_chestplate":1,"minecraft:orange_bed":1,"minecraft:torch":2,"minecraft:dirt":1,"minecraft:spyglass":6,"minecraft:bookshelf":15,"minecraft:iron_helmet":1,"minecraft:iron_boots":1,"minecraft:tripwire_hook":535,"minecraft:golden_carrot":10,"minecraft:furnace":3,"minecraft:cooked_beef":2,"minecraft:acacia_planks":68,"minecraft:wheat_seeds":54,"minecraft:cooked_mutton":5,"minecraft:diamond_boots":1,"minecraft:stone_pickaxe":44,"minecraft:oak_planks":28,"minecraft:wooden_pickaxe":3,"minecraft:composter":1,"minecraft:fletching_table":5,"minecraft:diamond_axe":84,"minecraft:sugar_cane":21,"minecraft:cookie":4,"minecraft:white_wool":5,"minecraft:red_bed":1,"minecraft:crafting_table":3,"minecraft:blast_furnace":2,"minecraft:cake":1,"minecraft:diamond_pickaxe":4,"minecraft:bread":11,"minecraft:iron_pickaxe":7,"minecraft:stone_axe":113,"minecraft:grindstone":1,"minecraft:smithing_table":1,"minecraft:diamond_leggings":1}},"DataVersion":3465}