{"stats":{"minecraft:mined":{"minecraft:nether_gold_ore":95,"minecraft:mangrove_roots":4,"minecraft:acacia_log":90,"minecraft:grass_block":232,"minecraft:crimson_roots":1,"minecraft:cracked_polished_blackstone_bricks":24,"minecraft:acacia_slab":6,"minecraft:crimson_stem":11,"minecraft:hay_block":18,"minecraft:polished_blackstone_bricks":37,"minecraft:weeping_vines_plant":3,"minecraft:magma_block":1,"minecraft:furnace":1,"minecraft:iron_ore":1,"minecraft:fire":38,"minecraft:acacia_wood":53,"minecraft:acacia_stairs":6,"minecraft:fletching_table":3,"minecraft:gold_block":4,"minecraft:enchanting_table":1,"minecraft:bell":1,"minecraft:vine":2,"minecraft:stone":34,"minecraft:white_wool":5,"minecraft:orange_bed":1,"minecraft:acacia_leaves":4,"minecraft:red_bed":1,"minecraft:blackstone":65,"minecraft:crimson_nylium":15,"minecraft:basalt":4,"minecraft:crafting_table":2,"minecraft:torch":3,"minecraft:blast_furnace":1,"minecraft:lectern":1,"minecraft:stone_slab":1,"minecraft:nether_quartz_ore":284,"minecraft:tall_grass":3,"minecraft:cobblestone":4,"minecraft:sugar_cane":74,"minecraft:oak_planks":8,"minecraft:seagrass":2,"minecraft:nether_wart_block":4,"minecraft:wheat":47,"minecraft:grass":37,"minecraft:oak_log":10,"minecraft:coal_ore":9,"minecraft:acacia_fence":13,"minecraft:gravel":47,"minecraft:dirt":31,"minecraft:mangrove_log":6,"minecraft:acacia_planks":13,"minecraft:tripwire_hook":1,"minecraft:netherrack":3926,"minecraft:ancient_debris":2,"minecraft:oak_leaves":1},"minecraft:killed_by":{"minecraft:iron_golem":1},"minecraft:killed":{"minecraft:spider":2,"minecraft:piglin_brute":3,"minecraft:piglin":21,"minecraft:iron_golem":16,"minecraft:hoglin":6,"minecraft:sheep":2,"minecraft:zombie":7,"minecraft:donkey":3,"minecraft:blaze":9,"minecraft:cow":11},"minecraft:broken":{"minecraft:iron_shovel":1,"minecraft:stone_sword":1,"minecraft:stone_axe":1,"minecraft:iron_pickaxe":1},"minecraft:picked_up":{"minecraft:crafting_table":2,"minecraft:wheat":46,"minecraft:diamond_sword":1,"minecraft:stone_slab":2,"minecraft:wooden_pickaxe":1,"minecraft:gold_block":4,"minecraft:golden_sword":1,"minecraft:shield":1,"minecraft:string":33,"minecraft:red_bed":1,"minecraft:moss_carpet":1,"minecraft:flint_and_steel":1,"minecraft:iron_shovel":1,"minecraft:blackstone":7,"minecraft:diamond_leggings":1,"minecraft:gold_nugget":359,"minecraft:cobbled_deepslate":128,"minecraft:beef":26,"minecraft:poppy":20,"minecraft:iron_pickaxe":1,"minecraft:minecart":1,"minecraft:lectern":1,"minecraft:sugar_cane":157,"minecraft:mangrove_log":6,"minecraft:furnace":1,"minecraft:stick":23,"minecraft:raw_iron":100,"minecraft:acacia_fence":26,"minecraft:torch":8,"minecraft:acacia_log":87,"minecraft:porkchop":20,"minecraft:polished_blackstone_bricks":33,"minecraft:weeping_vines":1,"minecraft:orange_bed":1,"minecraft:diamond_chestplate":1,"minecraft:arrow":5,"minecraft:stone_sword":1,"minecraft:nether_gold_ore":6,"minecraft:rotten_flesh":4,"minecraft:stone_shovel":8,"minecraft:shears":1,"minecraft:diamond_boots":1,"minecraft:hay_block":30,"minecraft:mangrove_roots":4,"minecraft:saddle":1,"minecraft:blaze_rod":7,"minecraft:mutton":5,"minecraft:white_wool":50,"minecraft:cobblestone":55,"minecraft:enchanting_table":1,"minecraft:magma_block":1,"minecraft:crimson_stem":9,"minecraft:cooked_beef":4,"minecraft:golden_carrot":22,"minecraft:tripwire_hook":1074,"minecraft:leather":20,"minecraft:acacia_wood":50,"minecraft:potato":1,"minecraft:flint":11,"minecraft:crimson_fungus":1,"minecraft:oak_log":10,"minecraft:chainmail_chestplate":4,"minecraft:ancient_debris":2,"minecraft:acacia_boat":1,"minecraft:nether_wart_block":4,"minecraft:gunpowder":1,"minecraft:lapis_lazuli":40,"minecraft:dirt":257,"minecraft:acacia_planks":507,"minecraft:apple":1,"minecraft:bow":1,"minecraft:wheat_seeds":133,"minecraft:raw_gold":21,"minecraft:bell":1,"minecraft:iron_ingot":67,"minecraft:diamond_helmet":1,"minecraft:fletching_table":3,"minecraft:acacia_sapling":6,"minecraft:iron_sword":1,"minecraft:oak_planks":53,"minecraft:book":1,"minecraft:pink_bed":1,"minecraft:nether_quartz_ore":26,"minecraft:quartz":249,"minecraft:spyglass":2,"minecraft:gravel":45,"minecraft:blast_furnace":1,"minecraft:acacia_stairs":10,"minecraft:spider_eye":2,"minecraft:diamond":44,"minecraft:stone_axe":1,"minecraft:cracked_polished_blackstone_bricks":21,"minecraft:diamond_axe":2,"minecraft:golden_apple":1,"minecraft:crimson_nylium":15,"minecraft:emerald":24,"minecraft:netherrack":2498,"minecraft:brown_banner":4,"minecraft:acacia_slab":16,"minecraft:melon_seeds":1,"minecraft:coal":17,"minecraft:ender_pearl":3,"minecraft:diamond_pickaxe":4},"minecraft:crafted":{"minecraft:golden_carrot":45,"minecraft:grindstone":1,"minecraft:cookie":144,"minecraft:smooth_stone":3,"minecraft:oak_planks":704,"minecraft:stone_shovel":10,"minecraft:tripwire_hook":2,"minecraft:furnace":3,"minecraft:blast_furnace":1,"minecraft:stone":6,"minecraft:bookshelf":15,"minecraft:cooked_mutton":5,"minecraft:cake":7,"minecraft:diamond_leggings":1,"minecraft:bow":1,"minecraft:iron_boots":10,"minecraft:iron_axe":1,"minecraft:stone_pickaxe":1,"minecraft:chest":2,"minecraft:diamond_boots":1,"minecraft:chainmail_leggings":12,"minecraft:wheat":162,"minecraft:cooked_beef":12,"minecraft:crimson_planks":16,"minecraft:oak_slab":12,"minecraft:diamond_sword":1,"minecraft:emerald":443,"minecraft:cooked_porkchop":12,"minecraft:diamond_axe":4,"minecraft:crafting_table":2,"minecraft:iron_helmet":1,"minecraft:wooden_pickaxe":1,"minecraft:iron_sword":1,"minecraft:chainmail_chestplate":8,"minecraft:smithing_table":1,"minecraft:mangrove_planks":24,"minecraft:fletching_table":2,"minecraft:stone_axe":1,"minecraft:bread":36,"minecraft:air":0,"minecraft:apple":48,"minecraft:iron_chestplate":1,"minecraft:book":47,"minecraft:paper":141,"minecraft:diamond_pickaxe":2,"minecraft:shield":2,"minecraft:stick":8608,"minecraft:stone_slab":6,"minecraft:iron_ingot":37,"minecraft:iron_pickaxe":4,"minecraft:stone_sword":1,"minecraft:gold_ingot":40,"minecraft:iron_shovel":1,"minecraft:iron_leggings":1,"minecraft:composter":1,"minecraft:acacia_planks":3132,"minecraft:torch":72},"minecraft:used":{"minecraft:stone_sword":133,"minecraft:enchanting_table":1,"minecraft:iron_shovel":259,"minecraft:acacia_log":3,"minecraft:stone_shovel":15,"minecraft:chest":2,"minecraft:iron_sword":187,"minecraft:bell":1,"minecraft:netherrack":659,"minecraft:iron_chestplate":1,"minecraft:orange_bed":1,"minecraft:torch":76,"minecraft:dirt":200,"minecraft:spyglass":6,"minecraft:nether_quartz_ore":26,"minecraft:diamond_helmet":1,"minecraft:bookshelf":15,"minecraft:iron_helmet":1,"minecraft:iron_boots":3,"minecraft:tripwire_hook":535,"minecraft:golden_carrot":22,"minecraft:furnace":3,"minecraft:cooked_beef":14,"minecraft:acacia_planks":68,"minecraft:iron_leggings":1,"minecraft:wheat_seeds":54,"minecraft:cooked_mutton":5,"minecraft:diamond_boots":3,"minecraft:blackstone":3,"minecraft:stone_pickaxe":44,"minecraft:oak_planks":28,"minecraft:wooden_pickaxe":3,"minecraft:composter":1,"minecraft:sugar_cane":21,"minecraft:diamond_axe":228,"minecraft:fletching_table":5,"minecraft:polished_blackstone_bricks":20,"minecraft:cookie":4,"minecraft:white_wool":5,"minecraft:red_bed":1,"minecraft:crafting_table":4,"minecraft:blast_furnace":2,"minecraft:cake":1,"minecraft:diamond_pickaxe":4207,"minecraft:cracked_polished_blackstone_bricks":17,"minecraft:bread":11,"minecraft:iron_pickaxe":282,"minecraft:lectern":1,"minecraft:stone_slab":5,"minecraft:gravel":1,"minecraft:crimson_nylium":15,"minecraft:stone_axe":113,"minecraft:nether_wart_block":1,"minecraft:diamond_sword":65,"minecraft:cooked_porkchop":8,"minecraft:grindstone":1,"minecraft:smithing_table":1,"minecraft:diamond_leggings":3},"minecraft:custom":{"minecraft:interact_with_anvil":1,"minecraft:mob_kills":84,"minecraft:interact_with_crafting_table":73,"minecraft:bell_ring":16,"minecraft:leave_game":7,"minecraft:time_since_death":392024,"minecraft:climb_one_cm":8708,"minecraft:sprint_one_cm":1100404,"minecraft:walk_one_cm":1200495,"minecraft:drop":107,"minecraft:talked_to_villager":195,"minecraft:play_time":442156,"minecraft:deaths":1,"minecraft:sneak_time":19634,"minecraft:walk_under_water_one_cm":4355,"minecraft:jump":7124,"minecraft:interact_with_blast_furnace":1,"minecraft:walk_on_water_one_cm":18902,"minecraft:enchant_item":14,"minecraft:total_world_time":442156,"minecraft:interact_with_furnace":20,"minecraft:traded_with_villager":539,"minecraft:interact_with_grindstone":17,"minecraft:sleep_in_bed":20,"minecraft:time_since_rest":4191,"minecraft:damage_taken":2804,"minecraft:damage_dealt":28233,"minecraft:swim_one_cm":23421,"minecraft:fly_one_cm":1108355,"minecraft:open_chest":328,"minecraft:crouch_one_cm":35916,"minecraft:interact_with_smoker":6,"minecraft:fall_one_cm":156807},"minecraft:dropped":{"minecraft:iron_ingot":7,"minecraft:iron_sword":1,"minecraft:wheat_seeds":2,"minecraft:lapis_lazuli":3,"minecraft:diamond_leggings":1,"minecraft:book":1,"minecraft:emerald":21,"minecraft:golden_carrot":24,"minecraft:chainmail_leggings":12,"minecraft:gravel":16,"minecraft:moss_carpet":1,"minecraft:mangrove_roots":4,"minecraft:cobbled_deepslate":120,"minecraft:stone_shovel":18,"minecraft:rotten_flesh":1,"minecraft:iron_boots":10,"minecraft:acacia_stairs":5,"minecraft:chainmail_chestplate":12,"minecraft:poppy":18,"minecraft:diamond_pickaxe":2,"minecraft:magma_block":1,"minecraft:acacia_fence":13,"minecraft:netherrack":896}},"DataVersion":3465}