{"stats":{"minecraft:used":{"minecraft:iron_shovel":431,"minecraft:ladder":32,"minecraft:chest":3,"minecraft:shield":8,"minecraft:iron_sword":187,"minecraft:stone":11,"minecraft:bell":1,"minecraft:iron_chestplate":1,"minecraft:soul_sand":1,"minecraft:lantern":4,"minecraft:grass_block":1,"minecraft:iron_helmet":1,"minecraft:bow":97,"minecraft:mangrove_roots":16,"minecraft:furnace":3,"minecraft:dark_oak_sapling":14,"minecraft:diamond_boots":5,"minecraft:oak_planks":28,"minecraft:stone_pickaxe":44,"minecraft:blackstone":3,"minecraft:ender_pearl":14,"minecraft:wooden_pickaxe":3,"minecraft:composter":1,"minecraft:sugar_cane":21,"minecraft:blue_bed":1,"minecraft:diamond_axe":484,"minecraft:cookie":4,"minecraft:golden_apple":1,"minecraft:white_wool":5,"minecraft:blast_furnace":2,"minecraft:netherite_helmet":1,"minecraft:end_stone":202,"minecraft:deepslate_lapis_ore":8,"minecraft:string":1,"minecraft:bread":11,"minecraft:lectern":2,"minecraft:deepslate":82,"minecraft:gravel":18,"minecraft:nether_wart_block":1,"minecraft:diamond_sword":207,"minecraft:grindstone":1,"minecraft:smithing_table":1,"minecraft:oak_boat":5,"minecraft:experience_bottle":4,"minecraft:purpur_block":1,"minecraft:enchanting_table":1,"minecraft:stone_sword":133,"minecraft:acacia_log":3,"minecraft:stone_shovel":15,"minecraft:netherrack":1062,"minecraft:orange_bed":1,"minecraft:torch":130,"minecraft:spyglass":45,"minecraft:dirt":616,"minecraft:anvil":1,"minecraft:nether_quartz_ore":26,"minecraft:diamond_helmet":1,"minecraft:bookshelf":15,"minecraft:iron_boots":3,"minecraft:tripwire_hook":535,"minecraft:golden_carrot":70,"minecraft:minecart":1,"minecraft:cooked_beef":14,"minecraft:acacia_planks":71,"minecraft:iron_leggings":1,"minecraft:wheat_seeds":54,"minecraft:cooked_mutton":5,"minecraft:water_bucket":2,"minecraft:iron_ore":9,"minecraft:glass_bottle":3,"minecraft:netherite_chestplate":1,"minecraft:fletching_table":5,"minecraft:polished_blackstone_bricks":20,"minecraft:rail":2,"minecraft:oak_slab":11,"minecraft:crafting_table":6,"minecraft:red_bed":1,"minecraft:white_bed":43,"minecraft:cake":1,"minecraft:nether_gold_ore":1,"minecraft:ender_eye":2,"minecraft:diamond_pickaxe":6206,"minecraft:cracked_polished_blackstone_bricks":17,"minecraft:iron_pickaxe":406,"minecraft:stone_slab":16,"minecraft:crimson_nylium":15,"minecraft:stone_axe":113,"minecraft:cobblestone":4,"minecraft:potion":1,"minecraft:cooked_porkchop":12,"minecraft:bucket":4,"minecraft:diamond_leggings":4},"minecraft:broken":{"minecraft:iron_shovel":1,"minecraft:stone_axe":1,"minecraft:stone_sword":1,"minecraft:iron_pickaxe":1},"minecraft:killed":{"minecraft:spider":2,"minecraft:shulker":12,"minecraft:skeleton":1,"minecraft:piglin_brute":3,"minecraft:piglin":27,"minecraft:iron_golem":20,"minecraft:ender_dragon":1,"minecraft:creeper":1,"minecraft:sheep":2,"minecraft:donkey":3,"minecraft:zombie":10,"minecraft:cow":11,"minecraft:blaze":9,"minecraft:phantom":2,"minecraft:hoglin":6,"minecraft:enderman":10},"minecraft:crafted":{"minecraft:grindstone":1,"minecraft:oak_planks":716,"minecraft:smooth_stone":3,"minecraft:blaze_powder":2,"minecraft:stone":6,"minecraft:bookshelf":15,"minecraft:cooked_mutton":5,"minecraft:cake":7,"minecraft:iron_boots":10,"minecraft:bow":2,"minecraft:diamond_leggings":1,"minecraft:netherite_boots":1,"minecraft:chest":3,"minecraft:netherite_helmet":1,"minecraft:netherite_upgrade_smithing_template":4,"minecraft:glass_bottle":3,"minecraft:oak_slab":18,"minecraft:arrow":64,"minecraft:emerald":513,"minecraft:cooked_porkchop":12,"minecraft:diamond_axe":4,"minecraft:crafting_table":3,"minecraft:wooden_pickaxe":1,"minecraft:iron_helmet":1,"minecraft:chainmail_chestplate":8,"minecraft:smithing_table":1,"minecraft:fletching_table":2,"minecraft:birch_planks":100,"minecraft:apple":48,"minecraft:iron_chestplate":1,"minecraft:book":47,"minecraft:paper":141,"minecraft:diamond_pickaxe":2,"minecraft:shield":2,"minecraft:stick":10248,"minecraft:stone_slab":18,"minecraft:iron_ingot":37,"minecraft:iron_pickaxe":4,"minecraft:iron_block":3,"minecraft:stone_sword":1,"minecraft:gold_ingot":40,"minecraft:composter":1,"minecraft:golden_carrot":87,"minecraft:cookie":144,"minecraft:stone_shovel":10,"minecraft:tripwire_hook":2,"minecraft:experience_bottle":4,"minecraft:furnace":3,"minecraft:blast_furnace":1,"minecraft:netherite_chestplate":1,"minecraft:netherite_leggings":1,"minecraft:iron_axe":1,"minecraft:stone_pickaxe":1,"minecraft:diamond_boots":1,"minecraft:dark_oak_planks":220,"minecraft:chainmail_leggings":12,"minecraft:wheat":162,"minecraft:cooked_beef":12,"minecraft:crimson_planks":16,"minecraft:diamond_sword":1,"minecraft:iron_sword":1,"minecraft:mangrove_planks":156,"minecraft:bucket":2,"minecraft:stone_axe":1,"minecraft:enchanted_book":7,"minecraft:bread":36,"minecraft:air":0,"minecraft:oak_boat":1,"minecraft:white_wool":2,"minecraft:iron_shovel":2,"minecraft:iron_leggings":1,"minecraft:anvil":1,"minecraft:white_bed":22,"minecraft:acacia_planks":3508,"minecraft:torch":108},"minecraft:mined":{"minecraft:white_bed":8,"minecraft:obsidian":12,"minecraft:granite":15,"minecraft:acacia_log":121,"minecraft:grass_block":389,"minecraft:cracked_polished_blackstone_bricks":24,"minecraft:polished_blackstone_bricks":37,"minecraft:weeping_vines_plant":3,"minecraft:magma_block":1,"minecraft:iron_ore":10,"minecraft:fire":426,"minecraft:fletching_table":3,"minecraft:deepslate_lapis_ore":8,"minecraft:enchanting_table":1,"minecraft:pointed_dripstone":2,"minecraft:orange_bed":1,"minecraft:red_bed":1,"minecraft:blackstone":125,"minecraft:crimson_nylium":15,"minecraft:soul_fire":1,"minecraft:torch":14,"minecraft:blast_furnace":1,"minecraft:nether_quartz_ore":326,"minecraft:cobblestone":5,"minecraft:sugar_cane":74,"minecraft:oak_planks":24,"minecraft:wall_torch":10,"minecraft:seagrass":2,"minecraft:warped_nylium":5,"minecraft:nether_wart_block":4,"minecraft:birch_log":7,"minecraft:wheat":47,"minecraft:purpur_block":2,"minecraft:grass":44,"minecraft:oak_log":10,"minecraft:acacia_fence":13,"minecraft:dirt":89,"minecraft:mangrove_log":39,"minecraft:tripwire_hook":1,"minecraft:netherrack":5097,"minecraft:ancient_debris":17,"minecraft:oak_leaves":1,"minecraft:deepslate":254,"minecraft:nether_gold_ore":106,"minecraft:tuff":5,"minecraft:dark_oak_leaves":7,"minecraft:deepslate_diamond_ore":2,"minecraft:dark_oak_log":50,"minecraft:mangrove_roots":23,"minecraft:end_stone":276,"minecraft:crimson_roots":1,"minecraft:acacia_slab":6,"minecraft:crimson_stem":11,"minecraft:hay_block":18,"minecraft:furnace":1,"minecraft:acacia_wood":116,"minecraft:acacia_stairs":6,"minecraft:andesite":4,"minecraft:gold_block":4,"minecraft:bell":1,"minecraft:vine":2,"minecraft:rail":1,"minecraft:lantern":4,"minecraft:stone":170,"minecraft:white_wool":5,"minecraft:oak_slab":9,"minecraft:acacia_leaves":4,"minecraft:soul_sand":1,"minecraft:magenta_stained_glass":2,"minecraft:basalt":8,"minecraft:crafting_table":3,"minecraft:lectern":2,"minecraft:stone_slab":2,"minecraft:tall_grass":3,"minecraft:diorite":22,"minecraft:blue_bed":1,"minecraft:warped_wart_block":1,"minecraft:birch_leaves":1,"minecraft:mangrove_leaves":14,"minecraft:coal_ore":9,"minecraft:gravel":75,"minecraft:dripstone_block":5,"minecraft:acacia_planks":13},"minecraft:custom":{"minecraft:interact_with_crafting_table":98,"minecraft:bell_ring":16,"minecraft:leave_game":15,"minecraft:time_since_death":791802,"minecraft:sprint_one_cm":2338845,"minecraft:damage_blocked_by_shield":300,"minecraft:drop":199,"minecraft:talked_to_villager":285,"minecraft:play_time":842117,"minecraft:deaths":1,"minecraft:jump":13194,"minecraft:interact_with_brewingstand":4,"minecraft:walk_on_water_one_cm":53433,"minecraft:enchant_item":16,"minecraft:interact_with_furnace":21,"minecraft:traded_with_villager":639,"minecraft:sleep_in_bed":35,"minecraft:damage_dealt":39445,"minecraft:crouch_one_cm":73700,"minecraft:interact_with_smoker":9,"minecraft:interact_with_smithing_table":3,"minecraft:mob_kills":124,"minecraft:interact_with_anvil":11,"minecraft:inspect_hopper":5,"minecraft:climb_one_cm":24999,"minecraft:walk_one_cm":2239223,"minecraft:sneak_time":34854,"minecraft:walk_under_water_one_cm":85471,"minecraft:boat_one_cm":35572,"minecraft:interact_with_blast_furnace":10,"minecraft:total_world_time":842117,"minecraft:interact_with_grindstone":19,"minecraft:time_since_rest":220506,"minecraft:damage_taken":4593,"minecraft:damage_absorbed":35,"minecraft:swim_one_cm":33183,"minecraft:fly_one_cm":2425287,"minecraft:open_chest":711,"minecraft:aviate_one_cm":1336,"minecraft:fall_one_cm":255900},"minecraft:killed_by":{"minecraft:iron_golem":1},"minecraft:dropped":{"minecraft:iron_sword":1,"minecraft:diamond_axe":3,"minecraft:lapis_lazuli":3,"minecraft:oak_log":5,"minecraft:ender_pearl":2,"minecraft:diamond":11,"minecraft:netherite_upgrade_smithing_template":16,"minecraft:flint":8,"minecraft:emerald":21,"minecraft:netherite_scrap":2,"minecraft:netherite_boots":1,"minecraft:gravel":18,"minecraft:crimson_fungus":1,"minecraft:ancient_debris":52,"minecraft:mangrove_roots":6,"minecraft:cobbled_deepslate":122,"minecraft:netherite_sword":2,"minecraft:obsidian":16,"minecraft:rotten_flesh":2,"minecraft:white_bed":13,"minecraft:acacia_stairs":5,"minecraft:chainmail_chestplate":12,"minecraft:poppy":20,"minecraft:acacia_fence":13,"minecraft:netherrack":1541,"minecraft:lectern":1,"minecraft:enchanted_book":2,"minecraft:iron_ingot":28,"minecraft:oak_slab":3,"minecraft:wheat_seeds":7,"minecraft:deepslate_diamond_ore":2,"minecraft:diamond_leggings":2,"minecraft:netherite_chestplate":1,"minecraft:netherite_helmet":1,"minecraft:cobblestone":1,"minecraft:book":1,"minecraft:golden_carrot":24,"minecraft:torch":20,"minecraft:diamond_helmet":2,"minecraft:chainmail_leggings":12,"minecraft:moss_carpet":4,"minecraft:oak_trapdoor":12,"minecraft:netherite_ingot":1,"minecraft:tuff":4,"minecraft:stone_shovel":18,"minecraft:iron_boots":10,"minecraft:stone_slab":17,"minecraft:netherite_leggings":1,"minecraft:potato":39,"minecraft:diamond_pickaxe":3,"minecraft:oak_boat":1,"minecraft:golden_sword":3,"minecraft:diamond_boots":1,"minecraft:bow":1,"minecraft:wooden_pickaxe":1,"minecraft:magma_block":1},"minecraft:picked_up":{"minecraft:shulker_shell":7,"minecraft:wheat":46,"minecraft:stone_slab":4,"minecraft:diamond_sword":1,"minecraft:golden_sword":3,"minecraft:string":33,"minecraft:deepslate_lapis_ore":8,"minecraft:netherite_ingot":6,"minecraft:diamond_leggings":2,"minecraft:gold_nugget":407,"minecraft:cobbled_deepslate":130,"minecraft:ender_eye":2,"minecraft:netherite_upgrade_smithing_template":17,"minecraft:iron_pickaxe":1,"minecraft:mangrove_log":39,"minecraft:furnace":1,"minecraft:stick":38,"minecraft:acacia_fence":26,"minecraft:torch":31,"minecraft:acacia_log":118,"minecraft:porkchop":20,"minecraft:diorite":8,"minecraft:orange_bed":1,"minecraft:nether_gold_ore":7,"minecraft:stone_sword":1,"minecraft:rotten_flesh":7,"minecraft:mangrove_roots":22,"minecraft:netherite_chestplate":1,"minecraft:blaze_rod":7,"minecraft:obsidian":14,"minecraft:cobblestone":67,"minecraft:birch_log":7,"minecraft:enchanting_table":1,"minecraft:magma_block":1,"minecraft:cooked_beef":4,"minecraft:andesite":12,"minecraft:potato":39,"minecraft:flint":22,"minecraft:tuff":5,"minecraft:acacia_boat":2,"minecraft:netherite_leggings":1,"minecraft:lapis_lazuli":40,"minecraft:dirt":610,"minecraft:lantern":4,"minecraft:acacia_planks":507,"minecraft:bow":2,"minecraft:wheat_seeds":139,"minecraft:raw_gold":21,"minecraft:bell":1,"minecraft:diamond_helmet":3,"minecraft:fletching_table":3,"minecraft:oak_planks":71,"minecraft:grass_block":2,"minecraft:acacia_stairs":10,"minecraft:dark_oak_log":58,"minecraft:diamond":60,"minecraft:deepslate":251,"minecraft:netherite_helmet":1,"minecraft:cracked_polished_blackstone_bricks":21,"minecraft:granite":15,"minecraft:golden_apple":1,"minecraft:emerald":24,"minecraft:netherrack":4014,"minecraft:diamond_pickaxe":5,"minecraft:crafting_table":3,"minecraft:brown_mushroom":4,"minecraft:wooden_pickaxe":2,"minecraft:gold_block":4,"minecraft:purpur_block":3,"minecraft:shield":1,"minecraft:elytra":1,"minecraft:red_bed":1,"minecraft:moss_carpet":4,"minecraft:flint_and_steel":1,"minecraft:netherite_scrap":2,"minecraft:iron_shovel":1,"minecraft:blackstone":26,"minecraft:netherite_sword":2,"minecraft:deepslate_diamond_ore":2,"minecraft:beef":26,"minecraft:oak_boat":8,"minecraft:poppy":22,"minecraft:lectern":3,"minecraft:minecart":3,"minecraft:sugar_cane":157,"minecraft:phantom_membrane":1,"minecraft:dark_oak_sapling":14,"minecraft:raw_iron":100,"minecraft:end_stone":270,"minecraft:stone":82,"minecraft:polished_blackstone_bricks":33,"minecraft:stone_shovel":8,"minecraft:diamond_chestplate":1,"minecraft:arrow":32,"minecraft:weeping_vines":1,"minecraft:shears":1,"minecraft:diamond_boots":2,"minecraft:hay_block":30,"minecraft:saddle":1,"minecraft:mutton":5,"minecraft:white_wool":50,"minecraft:rail":3,"minecraft:netherite_boots":1,"minecraft:golden_carrot":22,"minecraft:tripwire_hook":1074,"minecraft:crimson_stem":9,"minecraft:leather":20,"minecraft:acacia_wood":113,"minecraft:crimson_fungus":1,"minecraft:oak_log":15,"minecraft:chainmail_chestplate":4,"minecraft:ancient_debris":67,"minecraft:nether_wart_block":4,"minecraft:gunpowder":1,"minecraft:blue_bed":1,"minecraft:apple":2,"minecraft:iron_ingot":165,"minecraft:iron_ore":9,"minecraft:magenta_stained_glass":2,"minecraft:soul_sand":4,"minecraft:iron_sword":1,"minecraft:acacia_sapling":6,"minecraft:book":1,"minecraft:pink_bed":1,"minecraft:oak_slab":8,"minecraft:nether_quartz_ore":26,"minecraft:birch_boat":1,"minecraft:quartz":296,"minecraft:spyglass":2,"minecraft:gravel":124,"minecraft:blast_furnace":1,"minecraft:white_bed":11,"minecraft:spider_eye":2,"minecraft:stone_axe":1,"minecraft:diamond_axe":5,"minecraft:warped_roots":1,"minecraft:brown_banner":4,"minecraft:acacia_slab":16,"minecraft:melon_seeds":1,"minecraft:crimson_nylium":15,"minecraft:coal":17,"minecraft:ender_pearl":24}},"DataVersion":3465}