{"stats":{"minecraft:used":{"minecraft:iron_shovel":401,"minecraft:ladder":32,"minecraft:chest":2,"minecraft:stone":11,"minecraft:iron_sword":187,"minecraft:bell":1,"minecraft:iron_chestplate":1,"minecraft:iron_helmet":1,"minecraft:mangrove_roots":16,"minecraft:furnace":3,"minecraft:dark_oak_sapling":14,"minecraft:diamond_boots":5,"minecraft:stone_pickaxe":44,"minecraft:oak_planks":28,"minecraft:blackstone":3,"minecraft:wooden_pickaxe":3,"minecraft:composter":1,"minecraft:blue_bed":1,"minecraft:diamond_axe":480,"minecraft:sugar_cane":21,"minecraft:cookie":4,"minecraft:white_wool":5,"minecraft:blast_furnace":2,"minecraft:bread":11,"minecraft:string":1,"minecraft:lectern":1,"minecraft:gravel":1,"minecraft:nether_wart_block":1,"minecraft:diamond_sword":120,"minecraft:grindstone":1,"minecraft:smithing_table":1,"minecraft:oak_boat":4,"minecraft:enchanting_table":1,"minecraft:stone_sword":133,"minecraft:acacia_log":3,"minecraft:stone_shovel":15,"minecraft:netherrack":701,"minecraft:orange_bed":1,"minecraft:torch":102,"minecraft:dirt":611,"minecraft:spyglass":6,"minecraft:anvil":1,"minecraft:nether_quartz_ore":26,"minecraft:diamond_helmet":1,"minecraft:bookshelf":15,"minecraft:iron_boots":3,"minecraft:tripwire_hook":535,"minecraft:golden_carrot":31,"minecraft:minecart":1,"minecraft:cooked_beef":14,"minecraft:acacia_planks":71,"minecraft:iron_leggings":1,"minecraft:wheat_seeds":54,"minecraft:cooked_mutton":5,"minecraft:fletching_table":5,"minecraft:polished_blackstone_bricks":20,"minecraft:rail":2,"minecraft:oak_slab":9,"minecraft:crafting_table":6,"minecraft:red_bed":1,"minecraft:white_bed":11,"minecraft:cake":1,"minecraft:diamond_pickaxe":4240,"minecraft:cracked_polished_blackstone_bricks":17,"minecraft:iron_pickaxe":403,"minecraft:stone_slab":16,"minecraft:crimson_nylium":15,"minecraft:stone_axe":113,"minecraft:cobblestone":4,"minecraft:cooked_porkchop":12,"minecraft:bucket":1,"minecraft:diamond_leggings":4},"minecraft:broken":{"minecraft:iron_shovel":1,"minecraft:stone_axe":1,"minecraft:stone_sword":1,"minecraft:iron_pickaxe":1},"minecraft:killed":{"minecraft:spider":2,"minecraft:piglin_brute":3,"minecraft:piglin":23,"minecraft:iron_golem":20,"minecraft:creeper":1,"minecraft:sheep":2,"minecraft:donkey":3,"minecraft:zombie":9,"minecraft:blaze":9,"minecraft:cow":11,"minecraft:hoglin":6},"minecraft:crafted":{"minecraft:grindstone":1,"minecraft:oak_planks":704,"minecraft:smooth_stone":3,"minecraft:stone":6,"minecraft:bookshelf":15,"minecraft:cooked_mutton":5,"minecraft:cake":7,"minecraft:bow":1,"minecraft:diamond_leggings":1,"minecraft:iron_boots":10,"minecraft:chest":2,"minecraft:oak_slab":18,"minecraft:emerald":509,"minecraft:cooked_porkchop":12,"minecraft:diamond_axe":4,"minecraft:crafting_table":3,"minecraft:wooden_pickaxe":1,"minecraft:iron_helmet":1,"minecraft:smithing_table":1,"minecraft:chainmail_chestplate":8,"minecraft:fletching_table":2,"minecraft:birch_planks":100,"minecraft:apple":48,"minecraft:diamond_pickaxe":2,"minecraft:iron_chestplate":1,"minecraft:book":47,"minecraft:paper":141,"minecraft:shield":2,"minecraft:stick":10240,"minecraft:stone_slab":18,"minecraft:iron_ingot":37,"minecraft:iron_pickaxe":4,"minecraft:iron_block":3,"minecraft:stone_sword":1,"minecraft:gold_ingot":40,"minecraft:composter":1,"minecraft:golden_carrot":84,"minecraft:cookie":144,"minecraft:stone_shovel":10,"minecraft:tripwire_hook":2,"minecraft:furnace":3,"minecraft:blast_furnace":1,"minecraft:iron_axe":1,"minecraft:stone_pickaxe":1,"minecraft:diamond_boots":1,"minecraft:dark_oak_planks":220,"minecraft:chainmail_leggings":12,"minecraft:wheat":162,"minecraft:cooked_beef":12,"minecraft:crimson_planks":16,"minecraft:diamond_sword":1,"minecraft:iron_sword":1,"minecraft:mangrove_planks":156,"minecraft:bucket":1,"minecraft:stone_axe":1,"minecraft:enchanted_book":5,"minecraft:bread":36,"minecraft:air":0,"minecraft:oak_boat":1,"minecraft:white_wool":2,"minecraft:iron_shovel":2,"minecraft:iron_leggings":1,"minecraft:anvil":1,"minecraft:white_bed":4,"minecraft:acacia_planks":3508,"minecraft:torch":96},"minecraft:mined":{"minecraft:white_bed":8,"minecraft:acacia_log":121,"minecraft:grass_block":383,"minecraft:cracked_polished_blackstone_bricks":24,"minecraft:polished_blackstone_bricks":37,"minecraft:weeping_vines_plant":3,"minecraft:magma_block":1,"minecraft:iron_ore":1,"minecraft:fire":44,"minecraft:fletching_table":3,"minecraft:enchanting_table":1,"minecraft:pointed_dripstone":2,"minecraft:orange_bed":1,"minecraft:red_bed":1,"minecraft:blackstone":65,"minecraft:crimson_nylium":15,"minecraft:torch":7,"minecraft:blast_furnace":1,"minecraft:nether_quartz_ore":326,"minecraft:cobblestone":4,"minecraft:sugar_cane":74,"minecraft:oak_planks":24,"minecraft:wall_torch":1,"minecraft:seagrass":2,"minecraft:nether_wart_block":4,"minecraft:birch_log":7,"minecraft:wheat":47,"minecraft:grass":44,"minecraft:oak_log":10,"minecraft:acacia_fence":13,"minecraft:dirt":70,"minecraft:mangrove_log":39,"minecraft:tripwire_hook":1,"minecraft:netherrack":3983,"minecraft:ancient_debris":2,"minecraft:oak_leaves":1,"minecraft:nether_gold_ore":105,"minecraft:dark_oak_leaves":7,"minecraft:dark_oak_log":50,"minecraft:mangrove_roots":22,"minecraft:crimson_roots":1,"minecraft:acacia_slab":6,"minecraft:crimson_stem":11,"minecraft:hay_block":18,"minecraft:furnace":1,"minecraft:acacia_wood":116,"minecraft:acacia_stairs":6,"minecraft:gold_block":4,"minecraft:bell":1,"minecraft:vine":2,"minecraft:rail":1,"minecraft:stone":73,"minecraft:white_wool":5,"minecraft:oak_slab":7,"minecraft:acacia_leaves":4,"minecraft:basalt":4,"minecraft:crafting_table":3,"minecraft:lectern":1,"minecraft:stone_slab":2,"minecraft:tall_grass":3,"minecraft:blue_bed":1,"minecraft:birch_leaves":1,"minecraft:mangrove_leaves":14,"minecraft:coal_ore":9,"minecraft:gravel":47,"minecraft:acacia_planks":13},"minecraft:custom":{"minecraft:interact_with_crafting_table":87,"minecraft:bell_ring":16,"minecraft:leave_game":8,"minecraft:time_since_death":554958,"minecraft:sprint_one_cm":1583602,"minecraft:drop":147,"minecraft:talked_to_villager":262,"minecraft:play_time":605090,"minecraft:deaths":1,"minecraft:jump":9339,"minecraft:walk_on_water_one_cm":39925,"minecraft:enchant_item":16,"minecraft:interact_with_furnace":21,"minecraft:traded_with_villager":623,"minecraft:sleep_in_bed":33,"minecraft:damage_dealt":32989,"minecraft:crouch_one_cm":46213,"minecraft:interact_with_smoker":8,"minecraft:mob_kills":93,"minecraft:interact_with_anvil":9,"minecraft:climb_one_cm":21986,"minecraft:walk_one_cm":1607628,"minecraft:sneak_time":21857,"minecraft:walk_under_water_one_cm":12368,"minecraft:boat_one_cm":27881,"minecraft:interact_with_blast_furnace":3,"minecraft:total_world_time":605090,"minecraft:interact_with_grindstone":19,"minecraft:time_since_rest":15479,"minecraft:damage_taken":3005,"minecraft:swim_one_cm":26459,"minecraft:fly_one_cm":1627474,"minecraft:open_chest":490,"minecraft:fall_one_cm":186209},"minecraft:killed_by":{"minecraft:iron_golem":1},"minecraft:dropped":{"minecraft:iron_sword":1,"minecraft:diamond_axe":2,"minecraft:lapis_lazuli":3,"minecraft:emerald":21,"minecraft:flint":3,"minecraft:gravel":16,"minecraft:crimson_fungus":1,"minecraft:mangrove_roots":5,"minecraft:cobbled_deepslate":120,"minecraft:rotten_flesh":2,"minecraft:white_bed":11,"minecraft:acacia_stairs":5,"minecraft:chainmail_chestplate":12,"minecraft:poppy":20,"minecraft:acacia_fence":13,"minecraft:netherrack":896,"minecraft:enchanted_book":2,"minecraft:iron_ingot":28,"minecraft:oak_slab":3,"minecraft:wheat_seeds":7,"minecraft:diamond_leggings":2,"minecraft:book":1,"minecraft:golden_carrot":24,"minecraft:torch":20,"minecraft:diamond_helmet":2,"minecraft:chainmail_leggings":12,"minecraft:moss_carpet":4,"minecraft:oak_trapdoor":12,"minecraft:stone_shovel":18,"minecraft:iron_boots":10,"minecraft:stone_slab":17,"minecraft:potato":39,"minecraft:diamond_pickaxe":3,"minecraft:oak_boat":1,"minecraft:golden_sword":2,"minecraft:diamond_boots":1,"minecraft:magma_block":1},"minecraft:picked_up":{"minecraft:wheat":46,"minecraft:diamond_sword":1,"minecraft:stone_slab":4,"minecraft:golden_sword":3,"minecraft:string":33,"minecraft:diamond_leggings":2,"minecraft:gold_nugget":400,"minecraft:cobbled_deepslate":130,"minecraft:iron_pickaxe":1,"minecraft:mangrove_log":39,"minecraft:furnace":1,"minecraft:stick":33,"minecraft:acacia_fence":26,"minecraft:torch":15,"minecraft:acacia_log":118,"minecraft:porkchop":20,"minecraft:diorite":1,"minecraft:orange_bed":1,"minecraft:nether_gold_ore":6,"minecraft:stone_sword":1,"minecraft:rotten_flesh":7,"minecraft:mangrove_roots":21,"minecraft:blaze_rod":7,"minecraft:cobblestone":66,"minecraft:birch_log":7,"minecraft:enchanting_table":1,"minecraft:magma_block":1,"minecraft:cooked_beef":4,"minecraft:potato":39,"minecraft:flint":11,"minecraft:acacia_boat":2,"minecraft:dirt":586,"minecraft:lapis_lazuli":40,"minecraft:acacia_planks":507,"minecraft:bow":1,"minecraft:wheat_seeds":138,"minecraft:raw_gold":21,"minecraft:bell":1,"minecraft:diamond_helmet":3,"minecraft:fletching_table":3,"minecraft:oak_planks":71,"minecraft:acacia_stairs":10,"minecraft:dark_oak_log":58,"minecraft:diamond":44,"minecraft:cracked_polished_blackstone_bricks":21,"minecraft:golden_apple":1,"minecraft:emerald":24,"minecraft:netherrack":2547,"minecraft:diamond_pickaxe":4,"minecraft:crafting_table":3,"minecraft:brown_mushroom":4,"minecraft:wooden_pickaxe":1,"minecraft:gold_block":4,"minecraft:shield":1,"minecraft:red_bed":1,"minecraft:moss_carpet":4,"minecraft:flint_and_steel":1,"minecraft:iron_shovel":1,"minecraft:blackstone":7,"minecraft:beef":26,"minecraft:oak_boat":4,"minecraft:poppy":22,"minecraft:lectern":1,"minecraft:minecart":2,"minecraft:sugar_cane":157,"minecraft:dark_oak_sapling":14,"minecraft:raw_iron":100,"minecraft:stone":17,"minecraft:polished_blackstone_bricks":33,"minecraft:diamond_chestplate":1,"minecraft:weeping_vines":1,"minecraft:arrow":5,"minecraft:stone_shovel":8,"minecraft:shears":1,"minecraft:diamond_boots":2,"minecraft:hay_block":30,"minecraft:saddle":1,"minecraft:mutton":5,"minecraft:white_wool":50,"minecraft:rail":3,"minecraft:golden_carrot":22,"minecraft:crimson_stem":9,"minecraft:tripwire_hook":1074,"minecraft:leather":20,"minecraft:acacia_wood":113,"minecraft:crimson_fungus":1,"minecraft:oak_log":10,"minecraft:chainmail_chestplate":4,"minecraft:ancient_debris":2,"minecraft:nether_wart_block":4,"minecraft:gunpowder":1,"minecraft:blue_bed":1,"minecraft:apple":2,"minecraft:iron_ingot":165,"minecraft:acacia_sapling":6,"minecraft:iron_sword":1,"minecraft:book":1,"minecraft:pink_bed":1,"minecraft:oak_slab":6,"minecraft:nether_quartz_ore":26,"minecraft:birch_boat":1,"minecraft:quartz":290,"minecraft:spyglass":2,"minecraft:gravel":45,"minecraft:blast_furnace":1,"minecraft:white_bed":9,"minecraft:spider_eye":2,"minecraft:stone_axe":1,"minecraft:diamond_axe":4,"minecraft:acacia_slab":16,"minecraft:brown_banner":4,"minecraft:melon_seeds":1,"minecraft:coal":17,"minecraft:crimson_nylium":15,"minecraft:ender_pearl":3}},"DataVersion":3465}