{"stats":{"minecraft:mined":{"minecraft:white_bed":8,"minecraft:obsidian":19,"minecraft:granite":15,"minecraft:acacia_log":121,"minecraft:crimson_trapdoor":6,"minecraft:grass_block":491,"minecraft:cracked_polished_blackstone_bricks":24,"minecraft:polished_blackstone_bricks":37,"minecraft:weeping_vines_plant":3,"minecraft:magma_block":1,"minecraft:barrel":6,"minecraft:iron_ore":10,"minecraft:fire":427,"minecraft:fletching_table":3,"minecraft:deepslate_lapis_ore":8,"minecraft:enchanting_table":1,"minecraft:pointed_dripstone":2,"minecraft:white_banner":3,"minecraft:orange_bed":1,"minecraft:red_bed":1,"minecraft:blackstone":125,"minecraft:polished_deepslate_stairs":23,"minecraft:crimson_nylium":15,"minecraft:soul_fire":1,"minecraft:torch":14,"minecraft:blast_furnace":1,"minecraft:chest":1,"minecraft:nether_quartz_ore":326,"minecraft:cobblestone":5,"minecraft:sugar_cane":74,"minecraft:oak_planks":213,"minecraft:wall_torch":10,"minecraft:seagrass":2,"minecraft:warped_nylium":5,"minecraft:nether_wart_block":4,"minecraft:birch_log":7,"minecraft:wheat":47,"minecraft:purpur_block":2,"minecraft:grass":44,"minecraft:oak_log":10,"minecraft:acacia_fence":13,"minecraft:dirt":284,"minecraft:crimson_planks":1,"minecraft:mangrove_log":39,"minecraft:tripwire_hook":1,"minecraft:polished_deepslate_wall":5,"minecraft:netherrack":5134,"minecraft:ancient_debris":17,"minecraft:stripped_crimson_stem":1,"minecraft:oak_leaves":1,"minecraft:deepslate":305,"minecraft:nether_gold_ore":106,"minecraft:tuff":5,"minecraft:dark_oak_leaves":7,"minecraft:deepslate_diamond_ore":2,"minecraft:dark_oak_log":50,"minecraft:mangrove_roots":23,"minecraft:end_stone":276,"minecraft:crimson_roots":1,"minecraft:acacia_slab":6,"minecraft:crimson_stem":28,"minecraft:hay_block":18,"minecraft:oak_trapdoor":25,"minecraft:furnace":1,"minecraft:acacia_wood":116,"minecraft:acacia_stairs":6,"minecraft:andesite":4,"minecraft:gold_block":4,"minecraft:bell":1,"minecraft:polished_deepslate":11,"minecraft:vine":2,"minecraft:rail":37,"minecraft:lantern":12,"minecraft:stone":170,"minecraft:white_wool":5,"minecraft:oak_slab":38,"minecraft:acacia_leaves":4,"minecraft:soul_sand":1,"minecraft:magenta_stained_glass":2,"minecraft:basalt":8,"minecraft:crafting_table":3,"minecraft:lectern":75,"minecraft:stone_slab":2,"minecraft:tall_grass":3,"minecraft:diorite":22,"minecraft:blue_bed":1,"minecraft:warped_wart_block":1,"minecraft:polished_blackstone_stairs":3,"minecraft:birch_leaves":1,"minecraft:mangrove_leaves":14,"minecraft:coal_ore":9,"minecraft:gravel":75,"minecraft:dripstone_block":5,"minecraft:acacia_planks":13},"minecraft:crafted":{"minecraft:grindstone":1,"minecraft:smooth_stone":3,"minecraft:oak_planks":716,"minecraft:polished_deepslate_wall":6,"minecraft:blaze_powder":2,"minecraft:polished_blackstone_slab":126,"minecraft:stone":6,"minecraft:diamond_shovel":1,"minecraft:bookshelf":16,"minecraft:cooked_mutton":5,"minecraft:cake":7,"minecraft:bow":2,"minecraft:diamond_leggings":1,"minecraft:iron_boots":10,"minecraft:netherite_boots":1,"minecraft:polished_blackstone":100,"minecraft:chest":4,"minecraft:netherite_helmet":1,"minecraft:netherite_upgrade_smithing_template":4,"minecraft:glass_bottle":3,"minecraft:oak_slab":18,"minecraft:emerald":513,"minecraft:arrow":64,"minecraft:cooked_porkchop":12,"minecraft:diamond_axe":4,"minecraft:crafting_table":3,"minecraft:wooden_pickaxe":1,"minecraft:iron_helmet":1,"minecraft:chainmail_chestplate":8,"minecraft:smithing_table":1,"minecraft:fletching_table":2,"minecraft:birch_planks":100,"minecraft:apple":48,"minecraft:lectern":1,"minecraft:iron_chestplate":1,"minecraft:book":47,"minecraft:paper":141,"minecraft:diamond_pickaxe":2,"minecraft:shield":2,"minecraft:stick":10248,"minecraft:stone_slab":18,"minecraft:iron_ingot":37,"minecraft:iron_pickaxe":4,"minecraft:iron_block":3,"minecraft:stone_sword":1,"minecraft:gold_ingot":40,"minecraft:composter":1,"minecraft:deepslate_bricks":84,"minecraft:deepslate_tile_slab":48,"minecraft:golden_carrot":87,"minecraft:cookie":144,"minecraft:stone_shovel":10,"minecraft:tripwire_hook":2,"minecraft:polished_deepslate_stairs":44,"minecraft:crimson_trapdoor":24,"minecraft:experience_bottle":4,"minecraft:furnace":3,"minecraft:blast_furnace":1,"minecraft:netherite_chestplate":1,"minecraft:netherite_leggings":1,"minecraft:polished_deepslate":164,"minecraft:iron_axe":1,"minecraft:stone_pickaxe":1,"minecraft:diamond_boots":1,"minecraft:dark_oak_planks":220,"minecraft:chainmail_leggings":12,"minecraft:wheat":162,"minecraft:cooked_beef":12,"minecraft:crimson_planks":104,"minecraft:diamond_sword":1,"minecraft:iron_sword":1,"minecraft:polished_blackstone_stairs":24,"minecraft:mangrove_planks":156,"minecraft:bucket":2,"minecraft:deepslate_tiles":84,"minecraft:stone_axe":1,"minecraft:enchanted_book":8,"minecraft:bread":36,"minecraft:air":0,"minecraft:oak_boat":1,"minecraft:white_wool":2,"minecraft:iron_shovel":2,"minecraft:iron_leggings":1,"minecraft:anvil":1,"minecraft:white_bed":22,"minecraft:acacia_planks":3508,"minecraft:torch":108},"minecraft:picked_up":{"minecraft:shulker_shell":7,"minecraft:wheat":46,"minecraft:stone_slab":4,"minecraft:diamond_sword":1,"minecraft:crimson_planks":4,"minecraft:golden_sword":3,"minecraft:polished_deepslate_wall":5,"minecraft:polished_deepslate":11,"minecraft:string":33,"minecraft:deepslate_lapis_ore":8,"minecraft:netherite_ingot":6,"minecraft:diamond_leggings":2,"minecraft:gold_nugget":407,"minecraft:cobbled_deepslate":253,"minecraft:ender_eye":2,"minecraft:netherite_upgrade_smithing_template":17,"minecraft:iron_pickaxe":1,"minecraft:mangrove_log":39,"minecraft:furnace":1,"minecraft:stick":38,"minecraft:polished_blackstone_stairs":3,"minecraft:acacia_fence":26,"minecraft:polished_deepslate_stairs":20,"minecraft:torch":33,"minecraft:acacia_log":118,"minecraft:porkchop":20,"minecraft:diorite":8,"minecraft:orange_bed":1,"minecraft:stone_sword":1,"minecraft:nether_gold_ore":7,"minecraft:rotten_flesh":26,"minecraft:mangrove_roots":22,"minecraft:netherite_chestplate":1,"minecraft:blaze_rod":7,"minecraft:obsidian":14,"minecraft:cobblestone":68,"minecraft:birch_log":7,"minecraft:enchanting_table":1,"minecraft:magma_block":1,"minecraft:cooked_beef":4,"minecraft:andesite":12,"minecraft:potato":39,"minecraft:flint":22,"minecraft:tuff":5,"minecraft:acacia_boat":2,"minecraft:netherite_leggings":1,"minecraft:lapis_lazuli":40,"minecraft:dirt":827,"minecraft:lantern":23,"minecraft:acacia_planks":507,"minecraft:bow":5,"minecraft:wheat_seeds":139,"minecraft:raw_gold":21,"minecraft:bell":1,"minecraft:diamond_helmet":3,"minecraft:fletching_table":3,"minecraft:oak_planks":212,"minecraft:stripped_crimson_stem":4,"minecraft:grass_block":2,"minecraft:acacia_stairs":10,"minecraft:barrel":6,"minecraft:dark_oak_log":58,"minecraft:diamond":60,"minecraft:deepslate":253,"minecraft:netherite_helmet":1,"minecraft:cracked_polished_blackstone_bricks":21,"minecraft:granite":15,"minecraft:golden_apple":1,"minecraft:emerald":24,"minecraft:netherrack":4054,"minecraft:diamond_pickaxe":6,"minecraft:crafting_table":3,"minecraft:brown_mushroom":4,"minecraft:wooden_pickaxe":2,"minecraft:gold_block":4,"minecraft:crimson_trapdoor":6,"minecraft:purpur_block":3,"minecraft:shield":3,"minecraft:elytra":1,"minecraft:oak_trapdoor":20,"minecraft:red_bed":1,"minecraft:moss_carpet":4,"minecraft:flint_and_steel":1,"minecraft:netherite_scrap":2,"minecraft:iron_shovel":1,"minecraft:blackstone":26,"minecraft:netherite_sword":2,"minecraft:deepslate_diamond_ore":2,"minecraft:beef":26,"minecraft:oak_boat":11,"minecraft:poppy":24,"minecraft:minecart":8,"minecraft:lectern":77,"minecraft:sugar_cane":157,"minecraft:chest":1,"minecraft:phantom_membrane":11,"minecraft:dark_oak_sapling":14,"minecraft:raw_iron":100,"minecraft:end_stone":270,"minecraft:stone":82,"minecraft:polished_blackstone_bricks":33,"minecraft:stone_shovel":8,"minecraft:arrow":32,"minecraft:weeping_vines":3,"minecraft:diamond_chestplate":1,"minecraft:shears":1,"minecraft:diamond_boots":2,"minecraft:hay_block":30,"minecraft:saddle":1,"minecraft:mutton":5,"minecraft:rail":41,"minecraft:white_wool":50,"minecraft:netherite_boots":1,"minecraft:golden_carrot":22,"minecraft:tripwire_hook":1074,"minecraft:crimson_stem":72,"minecraft:leather":20,"minecraft:acacia_wood":113,"minecraft:crimson_fungus":1,"minecraft:oak_log":15,"minecraft:chainmail_chestplate":4,"minecraft:ancient_debris":67,"minecraft:nether_wart_block":128,"minecraft:gunpowder":2,"minecraft:blue_bed":1,"minecraft:white_banner":6,"minecraft:apple":2,"minecraft:iron_ingot":165,"minecraft:iron_ore":9,"minecraft:magenta_stained_glass":2,"minecraft:iron_sword":1,"minecraft:acacia_sapling":6,"minecraft:soul_sand":4,"minecraft:book":1,"minecraft:oak_slab":34,"minecraft:pink_bed":1,"minecraft:nether_quartz_ore":26,"minecraft:birch_boat":1,"minecraft:quartz":296,"minecraft:spyglass":2,"minecraft:gravel":124,"minecraft:blast_furnace":1,"minecraft:white_bed":11,"minecraft:spider_eye":2,"minecraft:stone_axe":1,"minecraft:diamond_axe":6,"minecraft:warped_roots":1,"minecraft:baked_potato":1,"minecraft:netherite_hoe":1,"minecraft:brown_banner":4,"minecraft:acacia_slab":16,"minecraft:melon_seeds":1,"minecraft:crimson_nylium":15,"minecraft:coal":17,"minecraft:ender_pearl":24},"minecraft:killed_by":{"minecraft:iron_golem":1},"minecraft:killed":{"minecraft:spider":3,"minecraft:shulker":12,"minecraft:skeleton":1,"minecraft:piglin_brute":3,"minecraft:piglin":27,"minecraft:iron_golem":20,"minecraft:ender_dragon":1,"minecraft:creeper":1,"minecraft:sheep":2,"minecraft:zombie":14,"minecraft:donkey":3,"minecraft:cow":11,"minecraft:blaze":9,"minecraft:phantom":12,"minecraft:hoglin":6,"minecraft:enderman":10},"minecraft:custom":{"minecraft:interact_with_crafting_table":121,"minecraft:open_barrel":1,"minecraft:bell_ring":16,"minecraft:leave_game":17,"minecraft:time_since_death":961655,"minecraft:sprint_one_cm":2743929,"minecraft:damage_blocked_by_shield":300,"minecraft:drop":229,"minecraft:talked_to_villager":402,"minecraft:play_time":1011970,"minecraft:deaths":1,"minecraft:jump":14788,"minecraft:interact_with_brewingstand":4,"minecraft:walk_on_water_one_cm":54247,"minecraft:enchant_item":21,"minecraft:interact_with_furnace":21,"minecraft:traded_with_villager":640,"minecraft:sleep_in_bed":36,"minecraft:damage_dealt":41629,"minecraft:crouch_one_cm":79211,"minecraft:interact_with_smoker":9,"minecraft:interact_with_smithing_table":3,"minecraft:interact_with_anvil":16,"minecraft:mob_kills":139,"minecraft:inspect_hopper":5,"minecraft:climb_one_cm":25291,"minecraft:walk_one_cm":2926959,"minecraft:sneak_time":37658,"minecraft:walk_under_water_one_cm":85634,"minecraft:boat_one_cm":48437,"minecraft:interact_with_blast_furnace":10,"minecraft:total_world_time":1011970,"minecraft:interact_with_grindstone":21,"minecraft:time_since_rest":10878,"minecraft:damage_absorbed":35,"minecraft:damage_taken":4885,"minecraft:swim_one_cm":33183,"minecraft:fly_one_cm":2817298,"minecraft:open_chest":861,"minecraft:aviate_one_cm":1336,"minecraft:fall_one_cm":269716},"minecraft:broken":{"minecraft:iron_shovel":1,"minecraft:stone_axe":1,"minecraft:stone_sword":1,"minecraft:iron_pickaxe":1},"minecraft:dropped":{"minecraft:iron_sword":1,"minecraft:diamond_axe":4,"minecraft:lapis_lazuli":3,"minecraft:oak_log":5,"minecraft:glass_bottle":1,"minecraft:ender_pearl":2,"minecraft:diamond":11,"minecraft:netherite_upgrade_smithing_template":16,"minecraft:weeping_vines":2,"minecraft:warped_roots":1,"minecraft:flint":8,"minecraft:emerald":21,"minecraft:netherite_scrap":2,"minecraft:netherite_boots":1,"minecraft:gravel":18,"minecraft:crimson_fungus":1,"minecraft:ancient_debris":52,"minecraft:mangrove_roots":6,"minecraft:cobbled_deepslate":122,"minecraft:netherite_sword":2,"minecraft:obsidian":16,"minecraft:rotten_flesh":16,"minecraft:white_bed":13,"minecraft:acacia_stairs":5,"minecraft:chainmail_chestplate":12,"minecraft:poppy":20,"minecraft:acacia_fence":13,"minecraft:netherrack":1557,"minecraft:lectern":1,"minecraft:enchanted_book":2,"minecraft:iron_ingot":28,"minecraft:oak_slab":3,"minecraft:wheat_seeds":8,"minecraft:deepslate_diamond_ore":2,"minecraft:diamond_leggings":2,"minecraft:netherite_helmet":1,"minecraft:netherite_chestplate":1,"minecraft:cobblestone":1,"minecraft:book":1,"minecraft:golden_carrot":24,"minecraft:torch":20,"minecraft:nether_wart_block":80,"minecraft:diamond_helmet":2,"minecraft:white_banner":1,"minecraft:chainmail_leggings":12,"minecraft:moss_carpet":4,"minecraft:netherite_hoe":1,"minecraft:oak_trapdoor":12,"minecraft:netherite_ingot":1,"minecraft:tuff":4,"minecraft:stone_shovel":18,"minecraft:iron_boots":10,"minecraft:stone_slab":17,"minecraft:netherite_leggings":1,"minecraft:potato":39,"minecraft:shield":2,"minecraft:diamond_pickaxe":4,"minecraft:oak_boat":1,"minecraft:golden_sword":3,"minecraft:diamond_boots":1,"minecraft:bow":3,"minecraft:wooden_pickaxe":1,"minecraft:magma_block":1},"minecraft:used":{"minecraft:iron_shovel":431,"minecraft:polished_deepslate":18,"minecraft:ladder":32,"minecraft:chest":5,"minecraft:shield":8,"minecraft:iron_sword":187,"minecraft:stone":11,"minecraft:bell":1,"minecraft:stripped_crimson_stem":3,"minecraft:iron_chestplate":1,"minecraft:soul_sand":1,"minecraft:deepslate_tile_slab":48,"minecraft:polished_deepslate_stairs":54,"minecraft:polished_blackstone_slab":46,"minecraft:lantern":12,"minecraft:grass_block":1,"minecraft:iron_helmet":1,"minecraft:bow":110,"minecraft:mangrove_roots":16,"minecraft:furnace":3,"minecraft:polished_blackstone_stairs":27,"minecraft:dark_oak_sapling":14,"minecraft:diamond_boots":5,"minecraft:oak_planks":30,"minecraft:stone_pickaxe":44,"minecraft:blackstone":3,"minecraft:ender_pearl":14,"minecraft:wooden_pickaxe":3,"minecraft:composter":1,"minecraft:sugar_cane":21,"minecraft:blue_bed":1,"minecraft:diamond_axe":838,"minecraft:cookie":4,"minecraft:golden_apple":1,"minecraft:white_wool":5,"minecraft:blast_furnace":2,"minecraft:netherite_helmet":1,"minecraft:end_stone":202,"minecraft:deepslate_lapis_ore":8,"minecraft:deepslate_tiles":50,"minecraft:string":1,"minecraft:bread":11,"minecraft:lectern":77,"minecraft:deepslate":148,"minecraft:gravel":18,"minecraft:nether_wart_block":1,"minecraft:diamond_sword":236,"minecraft:grindstone":1,"minecraft:smithing_table":1,"minecraft:oak_boat":9,"minecraft:experience_bottle":4,"minecraft:oak_trapdoor":1,"minecraft:purpur_block":1,"minecraft:enchanting_table":1,"minecraft:stone_sword":133,"minecraft:acacia_log":3,"minecraft:stone_shovel":15,"minecraft:netherrack":1066,"minecraft:orange_bed":1,"minecraft:torch":132,"minecraft:spyglass":82,"minecraft:dirt":775,"minecraft:anvil":1,"minecraft:nether_quartz_ore":26,"minecraft:diamond_helmet":1,"minecraft:bookshelf":15,"minecraft:polished_deepslate_wall":7,"minecraft:iron_boots":3,"minecraft:crimson_planks":1,"minecraft:barrel":6,"minecraft:tripwire_hook":535,"minecraft:golden_carrot":82,"minecraft:minecart":6,"minecraft:cooked_beef":14,"minecraft:acacia_planks":71,"minecraft:iron_leggings":1,"minecraft:crimson_stem":47,"minecraft:cooked_mutton":5,"minecraft:wheat_seeds":54,"minecraft:water_bucket":5,"minecraft:iron_ore":9,"minecraft:glass_bottle":3,"minecraft:netherite_chestplate":1,"minecraft:baked_potato":1,"minecraft:fletching_table":5,"minecraft:polished_blackstone_bricks":20,"minecraft:rail":37,"minecraft:crimson_trapdoor":30,"minecraft:oak_slab":33,"minecraft:crafting_table":6,"minecraft:red_bed":1,"minecraft:white_bed":43,"minecraft:cake":1,"minecraft:nether_gold_ore":1,"minecraft:ender_eye":2,"minecraft:diamond_pickaxe":6392,"minecraft:diamond_shovel":296,"minecraft:cracked_polished_blackstone_bricks":17,"minecraft:iron_pickaxe":406,"minecraft:stone_slab":16,"minecraft:crimson_nylium":15,"minecraft:stone_axe":113,"minecraft:cobblestone":4,"minecraft:potion":1,"minecraft:white_banner":3,"minecraft:cooked_porkchop":12,"minecraft:bucket":7,"minecraft:diamond_leggings":4}},"DataVersion":3465}