{"stats":{"minecraft:crafted":{"minecraft:golden_carrot":12,"minecraft:cookie":144,"minecraft:oak_planks":704,"minecraft:smooth_stone":3,"minecraft:stone_shovel":10,"minecraft:furnace":2,"minecraft:blast_furnace":1,"minecraft:stone":3,"minecraft:cooked_mutton":5,"minecraft:cake":7,"minecraft:diamond_leggings":1,"minecraft:iron_boots":10,"minecraft:iron_axe":1,"minecraft:stone_pickaxe":1,"minecraft:chest":1,"minecraft:diamond_boots":1,"minecraft:chainmail_leggings":12,"minecraft:wheat":135,"minecraft:oak_slab":12,"minecraft:emerald":319,"minecraft:diamond_axe":4,"minecraft:crafting_table":1,"minecraft:wooden_pickaxe":1,"minecraft:iron_helmet":1,"minecraft:iron_sword":1,"minecraft:smithing_table":1,"minecraft:chainmail_chestplate":8,"minecraft:fletching_table":2,"minecraft:stone_axe":1,"minecraft:air":0,"minecraft:bread":10,"minecraft:apple":48,"minecraft:iron_chestplate":1,"minecraft:diamond_pickaxe":1,"minecraft:stick":7124,"minecraft:iron_ingot":37,"minecraft:iron_pickaxe":4,"minecraft:stone_sword":1,"minecraft:iron_leggings":1,"minecraft:composter":1,"minecraft:acacia_planks":2456},"minecraft:killed_by":{"minecraft:iron_golem":1},"minecraft:custom":{"minecraft:mob_kills":18,"minecraft:interact_with_crafting_table":43,"minecraft:bell_ring":16,"minecraft:leave_game":3,"minecraft:time_since_death":92281,"minecraft:climb_one_cm":1843,"minecraft:sprint_one_cm":286226,"minecraft:walk_one_cm":322427,"minecraft:drop":56,"minecraft:talked_to_villager":151,"minecraft:play_time":142413,"minecraft:deaths":1,"minecraft:sneak_time":3469,"minecraft:walk_under_water_one_cm":3441,"minecraft:jump":1763,"minecraft:walk_on_water_one_cm":7741,"minecraft:total_world_time":142413,"minecraft:interact_with_furnace":12,"minecraft:traded_with_villager":402,"minecraft:sleep_in_bed":11,"minecraft:time_since_rest":23895,"minecraft:damage_taken":1126,"minecraft:damage_dealt":15240,"minecraft:swim_one_cm":9671,"minecraft:fly_one_cm":259873,"minecraft:open_chest":101,"minecraft:crouch_one_cm":6030,"minecraft:interact_with_smoker":1,"minecraft:fall_one_cm":33089},"minecraft:used":{"minecraft:stone_sword":133,"minecraft:acacia_log":3,"minecraft:stone_shovel":15,"minecraft:chest":1,"minecraft:bell":1,"minecraft:iron_chestplate":1,"minecraft:orange_bed":1,"minecraft:torch":2,"minecraft:spyglass":6,"minecraft:iron_helmet":1,"minecraft:iron_boots":1,"minecraft:tripwire_hook":8,"minecraft:furnace":2,"minecraft:cooked_beef":2,"minecraft:acacia_planks":68,"minecraft:wheat_seeds":54,"minecraft:cooked_mutton":5,"minecraft:diamond_boots":1,"minecraft:stone_pickaxe":44,"minecraft:oak_planks":28,"minecraft:wooden_pickaxe":3,"minecraft:composter":1,"minecraft:fletching_table":5,"minecraft:diamond_axe":58,"minecraft:sugar_cane":21,"minecraft:cookie":4,"minecraft:white_wool":5,"minecraft:crafting_table":3,"minecraft:red_bed":1,"minecraft:blast_furnace":2,"minecraft:cake":1,"minecraft:diamond_pickaxe":2,"minecraft:bread":11,"minecraft:iron_pickaxe":7,"minecraft:stone_axe":113,"minecraft:smithing_table":1,"minecraft:diamond_leggings":1},"minecraft:dropped":{"minecraft:iron_sword":1,"minecraft:chainmail_leggings":12,"minecraft:cobbled_deepslate":120,"minecraft:stone_shovel":18,"minecraft:iron_boots":10,"minecraft:chainmail_chestplate":12,"minecraft:diamond_pickaxe":1},"minecraft:picked_up":{"minecraft:crafting_table":2,"minecraft:wheat":46,"minecraft:wooden_pickaxe":1,"minecraft:red_bed":1,"minecraft:cobbled_deepslate":128,"minecraft:poppy":20,"minecraft:iron_pickaxe":1,"minecraft:sugar_cane":26,"minecraft:furnace":1,"minecraft:stick":12,"minecraft:raw_iron":100,"minecraft:acacia_fence":26,"minecraft:torch":2,"minecraft:acacia_log":32,"minecraft:orange_bed":1,"minecraft:stone_sword":1,"minecraft:stone_shovel":8,"minecraft:hay_block":30,"minecraft:saddle":1,"minecraft:mutton":5,"minecraft:cobblestone":55,"minecraft:white_wool":11,"minecraft:cooked_beef":4,"minecraft:tripwire_hook":25,"minecraft:flint":8,"minecraft:oak_log":10,"minecraft:chainmail_chestplate":4,"minecraft:dirt":3,"minecraft:acacia_planks":488,"minecraft:apple":1,"minecraft:wheat_seeds":128,"minecraft:raw_gold":21,"minecraft:bell":1,"minecraft:iron_ingot":67,"minecraft:fletching_table":3,"minecraft:acacia_sapling":6,"minecraft:oak_planks":1,"minecraft:iron_sword":1,"minecraft:spyglass":1,"minecraft:gravel":12,"minecraft:blast_furnace":1,"minecraft:acacia_stairs":10,"minecraft:diamond":44,"minecraft:stone_axe":1,"minecraft:diamond_axe":1,"minecraft:emerald":10,"minecraft:acacia_slab":12,"minecraft:brown_banner":4,"minecraft:coal":17,"minecraft:diamond_pickaxe":1},"minecraft:broken":{"minecraft:stone_sword":1,"minecraft:stone_axe":1},"minecraft:killed":{"minecraft:iron_golem":16,"minecraft:sheep":2},"minecraft:mined":{"minecraft:acacia_log":34,"minecraft:grass_block":2,"minecraft:acacia_slab":6,"minecraft:hay_block":18,"minecraft:furnace":1,"minecraft:iron_ore":1,"minecraft:acacia_stairs":6,"minecraft:fletching_table":3,"minecraft:bell":1,"minecraft:stone":34,"minecraft:white_wool":5,"minecraft:orange_bed":1,"minecraft:acacia_leaves":2,"minecraft:red_bed":1,"minecraft:crafting_table":2,"minecraft:torch":1,"minecraft:blast_furnace":1,"minecraft:tall_grass":2,"minecraft:cobblestone":4,"minecraft:sugar_cane":9,"minecraft:oak_planks":1,"minecraft:wheat":47,"minecraft:grass":9,"minecraft:oak_log":10,"minecraft:coal_ore":9,"minecraft:acacia_fence":13,"minecraft:gravel":19,"minecraft:dirt":1,"minecraft:tripwire_hook":1,"minecraft:acacia_planks":13,"minecraft:oak_leaves":1}},"DataVersion":3465}