{"stats":{"minecraft:used":{"minecraft:iron_shovel":390,"minecraft:oak_sign":9,"minecraft:chest":3,"minecraft:stone":273,"minecraft:iron_sword":26,"minecraft:tuff":8,"minecraft:lava_bucket":10,"minecraft:lantern":1,"minecraft:warped_nylium":3,"minecraft:iron_helmet":1,"minecraft:stone_bricks":1,"minecraft:furnace":11,"minecraft:egg":1,"minecraft:potato":1,"minecraft:dark_oak_sapling":24,"minecraft:diorite":3,"minecraft:stone_pickaxe":232,"minecraft:oak_planks":7,"minecraft:ender_pearl":2,"minecraft:wooden_pickaxe":17,"minecraft:blue_bed":3,"minecraft:diamond_axe":794,"minecraft:sugar_cane":6,"minecraft:loom":1,"minecraft:end_stone":14,"minecraft:bread":54,"minecraft:lectern":288,"minecraft:diamond_sword":128,"minecraft:andesite":4,"minecraft:oak_boat":7,"minecraft:experience_bottle":8,"minecraft:oak_trapdoor":13,"minecraft:enchanting_table":1,"minecraft:stone_sword":99,"minecraft:flint_and_steel":1,"minecraft:cooked_chicken":2,"minecraft:netherrack":38,"minecraft:torch":87,"minecraft:brewing_stand":1,"minecraft:dirt":271,"minecraft:spyglass":98,"minecraft:hopper":9,"minecraft:granite":8,"minecraft:oak_fence_gate":8,"minecraft:iron_boots":1,"minecraft:diamond_chestplate":1,"minecraft:tripwire_hook":1,"minecraft:cooked_beef":9,"minecraft:cobbled_deepslate":109,"minecraft:orange_terracotta":1,"minecraft:iron_leggings":1,"minecraft:cooked_mutton":6,"minecraft:water_bucket":50,"minecraft:birch_planks":1,"minecraft:rail":4,"minecraft:oak_slab":36,"minecraft:crafting_table":17,"minecraft:white_bed":32,"minecraft:ender_eye":14,"minecraft:diamond_pickaxe":705,"minecraft:iron_pickaxe":750,"minecraft:stone_slab":10,"minecraft:stone_axe":103,"minecraft:cobblestone":148,"minecraft:cooked_porkchop":6,"minecraft:bucket":58,"minecraft:kelp":33,"minecraft:diamond_leggings":1},"minecraft:broken":{"minecraft:stone_pickaxe":1,"minecraft:iron_pickaxe":3},"minecraft:killed":{"minecraft:spider":3,"minecraft:skeleton":3,"minecraft:chicken":2,"minecraft:silverfish":2,"minecraft:piglin":3,"minecraft:pig":1,"minecraft:zombie_villager":1,"minecraft:salmon":1,"minecraft:iron_golem":2,"minecraft:creeper":1,"minecraft:sheep":4,"minecraft:zombie":26,"minecraft:cow":5,"minecraft:villager":1,"minecraft:enderman":10},"minecraft:crafted":{"minecraft:oak_planks":132,"minecraft:blaze_powder":10,"minecraft:cooked_chicken":2,"minecraft:cooked_mutton":6,"minecraft:diamond_helmet":1,"minecraft:diamond_leggings":1,"minecraft:iron_boots":1,"minecraft:chest":1,"minecraft:netherite_upgrade_smithing_template":14,"minecraft:ender_eye":10,"minecraft:oak_slab":18,"minecraft:crafting_table":5,"minecraft:emerald":92,"minecraft:cooked_porkchop":4,"minecraft:diamond_axe":1,"minecraft:wooden_pickaxe":1,"minecraft:iron_helmet":1,"minecraft:book":5,"minecraft:paper":15,"minecraft:diamond_pickaxe":1,"minecraft:yellow_dye":2,"minecraft:stick":1427,"minecraft:iron_ingot":24,"minecraft:iron_pickaxe":3,"minecraft:stone_sword":1,"minecraft:golden_carrot":33,"minecraft:experience_bottle":8,"minecraft:furnace":2,"minecraft:flint_and_steel":1,"minecraft:stone_pickaxe":3,"minecraft:diamond_boots":1,"minecraft:dark_oak_planks":768,"minecraft:wheat":698,"minecraft:cooked_beef":9,"minecraft:red_dye":1,"minecraft:diamond_sword":2,"minecraft:enchanting_table":1,"minecraft:iron_sword":1,"minecraft:blue_bed":1,"minecraft:bucket":1,"minecraft:stone_axe":1,"minecraft:enchanted_book":9,"minecraft:bread":234,"minecraft:air":0,"minecraft:blue_dye":1,"minecraft:oak_fence_gate":8,"minecraft:iron_leggings":1,"minecraft:white_bed":1,"minecraft:torch":4,"minecraft:diamond_chestplate":1},"minecraft:mined":{"minecraft:white_bed":25,"minecraft:brewing_stand":1,"minecraft:obsidian":14,"minecraft:granite":17,"minecraft:budding_amethyst":1,"minecraft:grass_block":187,"minecraft:spawner":1,"minecraft:tall_seagrass":1,"minecraft:cobbled_deepslate":63,"minecraft:iron_ore":4,"minecraft:fire":3,"minecraft:deepslate_lapis_ore":4,"minecraft:blue_orchid":6,"minecraft:tripwire":2,"minecraft:deepslate_redstone_ore":15,"minecraft:red_bed":1,"minecraft:kelp_plant":44,"minecraft:medium_amethyst_bud":1,"minecraft:orange_terracotta":1,"minecraft:amethyst_cluster":3,"minecraft:torch":16,"minecraft:calcite":5,"minecraft:melon":8,"minecraft:nether_quartz_ore":16,"minecraft:cobblestone":52,"minecraft:sugar_cane":11,"minecraft:oak_planks":29,"minecraft:iron_door":18,"minecraft:wall_torch":12,"minecraft:amethyst_block":5,"minecraft:seagrass":1,"minecraft:warped_nylium":2,"minecraft:warped_fungus":2,"minecraft:smooth_stone_slab":1,"minecraft:grass":31,"minecraft:oak_log":80,"minecraft:dirt":304,"minecraft:smooth_basalt":7,"minecraft:tripwire_hook":6,"minecraft:netherrack":74,"minecraft:oak_leaves":8,"minecraft:deepslate":244,"minecraft:diamond_ore":3,"minecraft:tuff":124,"minecraft:dark_oak_leaves":16,"minecraft:deepslate_diamond_ore":81,"minecraft:dark_oak_log":392,"minecraft:end_stone":3,"minecraft:ladder":29,"minecraft:kelp":6,"minecraft:hay_block":84,"minecraft:oak_trapdoor":1,"minecraft:furnace":9,"minecraft:nether_sprouts":2,"minecraft:andesite":50,"minecraft:bookshelf":4,"minecraft:potatoes":1,"minecraft:deepslate_iron_ore":52,"minecraft:rail":5,"minecraft:lantern":1,"minecraft:stone":688,"minecraft:oak_slab":18,"minecraft:glass_pane":1,"minecraft:crafting_table":13,"minecraft:cornflower":65,"minecraft:warped_roots":5,"minecraft:lectern":288,"minecraft:stone_slab":2,"minecraft:tall_grass":1,"minecraft:copper_ore":1,"minecraft:deepslate_gold_ore":37,"minecraft:diorite":42,"minecraft:blue_bed":2,"minecraft:warped_wart_block":1,"minecraft:birch_planks":3,"minecraft:yellow_bed":4,"minecraft:coal_ore":17,"minecraft:gravel":21,"minecraft:cobweb":3,"minecraft:cracked_stone_bricks":5,"minecraft:stone_bricks":12,"minecraft:mossy_stone_bricks":15,"minecraft:fern":1},"minecraft:custom":{"minecraft:interact_with_crafting_table":46,"minecraft:open_barrel":2,"minecraft:bell_ring":2,"minecraft:leave_game":13,"minecraft:time_since_death":460000,"minecraft:sprint_one_cm":1016273,"minecraft:drop":149,"minecraft:talked_to_villager":462,"minecraft:play_time":460053,"minecraft:jump":6865,"minecraft:walk_on_water_one_cm":51845,"minecraft:interact_with_furnace":48,"minecraft:traded_with_villager":124,"minecraft:sleep_in_bed":20,"minecraft:damage_dealt":12863,"minecraft:crouch_one_cm":23723,"minecraft:interact_with_smoker":4,"minecraft:mob_kills":67,"minecraft:interact_with_anvil":19,"minecraft:inspect_hopper":1,"minecraft:climb_one_cm":25418,"minecraft:walk_one_cm":909370,"minecraft:sneak_time":12820,"minecraft:walk_under_water_one_cm":64424,"minecraft:boat_one_cm":8198,"minecraft:interact_with_blast_furnace":4,"minecraft:total_world_time":460053,"minecraft:interact_with_grindstone":1,"minecraft:time_since_rest":159959,"minecraft:damage_taken":2407,"minecraft:swim_one_cm":88888,"minecraft:fly_one_cm":1674547,"minecraft:open_chest":298,"minecraft:fall_one_cm":134439},"minecraft:dropped":{"minecraft:brown_mushroom":1,"minecraft:diamond_axe":1,"minecraft:warped_fungus":3,"minecraft:cooked_beef":1,"minecraft:diamond":52,"minecraft:crafting_table":2,"minecraft:netherite_upgrade_smithing_template":11,"minecraft:leather":12,"minecraft:dirt":198,"minecraft:dark_oak_log":6,"minecraft:crimson_roots":1,"minecraft:amethyst_shard":12,"minecraft:bone":2,"minecraft:gravel":13,"minecraft:sugar_cane":1,"minecraft:ancient_debris":52,"minecraft:cobbled_deepslate":155,"minecraft:twisting_vines":3,"minecraft:wheat":65,"minecraft:rotten_flesh":16,"minecraft:white_bed":5,"minecraft:salmon":1,"minecraft:coal_ore":4,"minecraft:iron_ore":4,"minecraft:warped_wart_block":1,"minecraft:quartz":16,"minecraft:iron_ingot":87,"minecraft:wheat_seeds":6,"minecraft:iron_helmet":5,"minecraft:feather":2,"minecraft:cobblestone":31,"minecraft:granite":3,"minecraft:stick":17,"minecraft:diorite":18,"minecraft:diamond_helmet":1,"minecraft:iron_leggings":1,"minecraft:iron_shovel":1,"minecraft:tripwire_hook":2,"minecraft:bucket":1,"minecraft:dandelion":1,"minecraft:redstone":12,"minecraft:oak_trapdoor":8,"minecraft:tuff":56,"minecraft:raw_iron":10,"minecraft:light_gray_wool":1,"minecraft:iron_boots":2,"minecraft:stone_slab":1,"minecraft:ender_eye":4,"minecraft:potato":4,"minecraft:diamond_pickaxe":2,"minecraft:andesite":36,"minecraft:yellow_bed":4,"minecraft:oak_boat":2,"minecraft:oak_sapling":4,"minecraft:spider_eye":7,"minecraft:diamond_boots":1,"minecraft:stone_pickaxe":1,"minecraft:wooden_pickaxe":1},"minecraft:picked_up":{"minecraft:wheat":69,"minecraft:stone_slab":19,"minecraft:brewing_stand":1,"minecraft:string":6,"minecraft:raw_copper":5,"minecraft:iron_leggings":1,"minecraft:oak_sign":8,"minecraft:cobbled_deepslate":345,"minecraft:ender_eye":8,"minecraft:netherite_upgrade_smithing_template":4,"minecraft:melon_slice":33,"minecraft:iron_boots":2,"minecraft:furnace":9,"minecraft:stick":42,"minecraft:torch":58,"minecraft:porkchop":13,"minecraft:diorite":41,"minecraft:rotten_flesh":16,"minecraft:obsidian":13,"minecraft:blaze_powder":1,"minecraft:cobblestone":298,"minecraft:feather":2,"minecraft:cooked_beef":1,"minecraft:water_bucket":1,"minecraft:andesite":44,"minecraft:potato":3,"minecraft:flint":1,"minecraft:tuff":64,"minecraft:lantern":1,"minecraft:dirt":487,"minecraft:lapis_lazuli":24,"minecraft:twisting_vines":3,"minecraft:bone":2,"minecraft:wheat_seeds":7,"minecraft:raw_gold":37,"minecraft:diamond_helmet":1,"minecraft:oak_planks":30,"minecraft:cooked_porkchop":2,"minecraft:warped_wart_block":1,"minecraft:dark_oak_log":390,"minecraft:diamond":95,"minecraft:granite":11,"minecraft:oak_sapling":4,"minecraft:netherrack":176,"minecraft:crimson_roots":1,"minecraft:diamond_pickaxe":2,"minecraft:crafting_table":14,"minecraft:chicken":2,"minecraft:ladder":26,"minecraft:brown_mushroom":2,"minecraft:cornflower":65,"minecraft:oak_trapdoor":21,"minecraft:iron_shovel":1,"minecraft:blue_orchid":6,"minecraft:beef":12,"minecraft:oak_boat":8,"minecraft:light_gray_wool":1,"minecraft:lectern":288,"minecraft:sugar_cane":22,"minecraft:egg":1,"minecraft:dark_oak_sapling":24,"minecraft:raw_iron":55,"minecraft:end_stone":14,"minecraft:stone":419,"minecraft:redstone":77,"minecraft:dark_oak_planks":10,"minecraft:diamond_boots":1,"minecraft:hay_block":78,"minecraft:mutton":6,"minecraft:white_wool":3,"minecraft:rail":6,"minecraft:tripwire_hook":3,"minecraft:salmon":1,"minecraft:leather":16,"minecraft:birch_planks":1,"minecraft:oak_log":79,"minecraft:yellow_bed":4,"minecraft:gunpowder":2,"minecraft:blue_bed":2,"minecraft:orange_terracotta":1,"minecraft:stone_bricks":1,"minecraft:apple":2,"minecraft:kelp":262,"minecraft:iron_ingot":5,"minecraft:iron_ore":4,"minecraft:book":12,"minecraft:oak_slab":18,"minecraft:warped_fungus":3,"minecraft:quartz":16,"minecraft:spyglass":1,"minecraft:gravel":15,"minecraft:amethyst_shard":12,"minecraft:white_bed":34,"minecraft:spider_eye":7,"minecraft:coal_ore":5,"minecraft:iron_helmet":5,"minecraft:diamond_axe":2,"minecraft:warped_roots":4,"minecraft:warped_nylium":3,"minecraft:coal":26,"minecraft:ender_pearl":17}},"DataVersion":3465}