{"stats":{"minecraft:mined":{"minecraft:dragon_wall_head":1,"minecraft:white_bed":25,"minecraft:brewing_stand":1,"minecraft:obsidian":14,"minecraft:granite":17,"minecraft:budding_amethyst":1,"minecraft:grass_block":189,"minecraft:cracked_polished_blackstone_bricks":5,"minecraft:spawner":1,"minecraft:polished_blackstone_bricks":4,"minecraft:tall_seagrass":1,"minecraft:magma_block":1,"minecraft:iron_ore":4,"minecraft:cobbled_deepslate":63,"minecraft:fire":5,"minecraft:deepslate_lapis_ore":4,"minecraft:blue_orchid":6,"minecraft:white_banner":3,"minecraft:tripwire":2,"minecraft:deepslate_redstone_ore":15,"minecraft:red_bed":1,"minecraft:blackstone":6,"minecraft:kelp_plant":44,"minecraft:medium_amethyst_bud":1,"minecraft:amethyst_cluster":3,"minecraft:orange_terracotta":1,"minecraft:powder_snow":5,"minecraft:torch":17,"minecraft:calcite":5,"minecraft:poppy":2,"minecraft:melon":8,"minecraft:nether_quartz_ore":16,"minecraft:cobblestone":52,"minecraft:sugar_cane":11,"minecraft:oak_planks":30,"minecraft:iron_door":18,"minecraft:wall_torch":12,"minecraft:amethyst_block":5,"minecraft:pink_petals":11,"minecraft:seagrass":1,"minecraft:warped_nylium":2,"minecraft:warped_fungus":2,"minecraft:smooth_stone_slab":1,"minecraft:grass":37,"minecraft:oak_log":84,"minecraft:dirt":317,"minecraft:smooth_basalt":7,"minecraft:tripwire_hook":6,"minecraft:netherrack":130,"minecraft:oak_leaves":15,"minecraft:deepslate":244,"minecraft:diamond_ore":3,"minecraft:tuff":124,"minecraft:dark_oak_leaves":18,"minecraft:deepslate_diamond_ore":81,"minecraft:dark_oak_log":392,"minecraft:end_stone":3,"minecraft:ladder":29,"minecraft:spruce_leaves":4,"minecraft:kelp":6,"minecraft:hay_block":90,"minecraft:oak_trapdoor":1,"minecraft:furnace":9,"minecraft:nether_sprouts":2,"minecraft:andesite":50,"minecraft:bell":1,"minecraft:bookshelf":4,"minecraft:potatoes":1,"minecraft:deepslate_iron_ore":52,"minecraft:rail":5,"minecraft:lantern":1,"minecraft:stone":701,"minecraft:oak_slab":18,"minecraft:glass_pane":1,"minecraft:dandelion":7,"minecraft:crafting_table":16,"minecraft:cornflower":65,"minecraft:emerald_ore":1,"minecraft:warped_roots":5,"minecraft:lectern":289,"minecraft:stone_slab":2,"minecraft:tall_grass":1,"minecraft:copper_ore":1,"minecraft:deepslate_gold_ore":37,"minecraft:diorite":42,"minecraft:blue_bed":2,"minecraft:warped_wart_block":1,"minecraft:birch_planks":3,"minecraft:birch_leaves":1,"minecraft:white_wall_banner":1,"minecraft:yellow_bed":4,"minecraft:coal_ore":17,"minecraft:cherry_leaves":70,"minecraft:gravel":22,"minecraft:cobweb":3,"minecraft:cracked_stone_bricks":5,"minecraft:stone_bricks":12,"minecraft:mossy_stone_bricks":15,"minecraft:fern":1},"minecraft:crafted":{"minecraft:oak_planks":148,"minecraft:yellow_wool":6,"minecraft:blaze_powder":10,"minecraft:cooked_chicken":2,"minecraft:lever":1,"minecraft:cooked_mutton":6,"minecraft:diamond_helmet":1,"minecraft:diamond_leggings":1,"minecraft:iron_boots":1,"minecraft:chest":1,"minecraft:netherite_upgrade_smithing_template":14,"minecraft:yellow_banner":1,"minecraft:ender_eye":10,"minecraft:white_banner":10,"minecraft:oak_slab":18,"minecraft:emerald":92,"minecraft:crafting_table":6,"minecraft:cooked_porkchop":4,"minecraft:diamond_axe":1,"minecraft:wooden_pickaxe":1,"minecraft:iron_helmet":1,"minecraft:book":5,"minecraft:paper":15,"minecraft:diamond_pickaxe":1,"minecraft:yellow_dye":8,"minecraft:shield":5,"minecraft:stick":1427,"minecraft:iron_ingot":24,"minecraft:iron_pickaxe":3,"minecraft:stone_sword":1,"minecraft:golden_carrot":33,"minecraft:experience_bottle":20,"minecraft:furnace":2,"minecraft:bone_meal":9,"minecraft:flint_and_steel":1,"minecraft:stone_pickaxe":3,"minecraft:diamond_boots":1,"minecraft:dark_oak_planks":768,"minecraft:wheat":752,"minecraft:cooked_beef":9,"minecraft:red_dye":5,"minecraft:diamond_sword":2,"minecraft:enchanting_table":1,"minecraft:iron_sword":1,"minecraft:blue_bed":1,"minecraft:bucket":1,"minecraft:stone_axe":1,"minecraft:enchanted_book":11,"minecraft:bread":252,"minecraft:air":0,"minecraft:blue_dye":4,"minecraft:oak_fence_gate":8,"minecraft:oak_boat":1,"minecraft:white_wool":48,"minecraft:white_dye":9,"minecraft:iron_shovel":1,"minecraft:iron_leggings":1,"minecraft:white_bed":1,"minecraft:torch":4,"minecraft:diamond_chestplate":1},"minecraft:picked_up":{"minecraft:wheat":69,"minecraft:stone_slab":19,"minecraft:brewing_stand":1,"minecraft:string":6,"minecraft:raw_copper":5,"minecraft:iron_leggings":1,"minecraft:oak_sign":8,"minecraft:cobbled_deepslate":345,"minecraft:white_tulip":1,"minecraft:ender_eye":8,"minecraft:netherite_upgrade_smithing_template":4,"minecraft:melon_slice":33,"minecraft:furnace":9,"minecraft:iron_boots":2,"minecraft:stick":43,"minecraft:torch":59,"minecraft:porkchop":13,"minecraft:diorite":41,"minecraft:rotten_flesh":22,"minecraft:obsidian":13,"minecraft:blaze_powder":1,"minecraft:cobblestone":313,"minecraft:pink_petals":33,"minecraft:feather":2,"minecraft:cooked_beef":1,"minecraft:water_bucket":1,"minecraft:andesite":44,"minecraft:potato":3,"minecraft:flint":1,"minecraft:tuff":64,"minecraft:lantern":1,"minecraft:lapis_lazuli":24,"minecraft:dirt":526,"minecraft:twisting_vines":3,"minecraft:bone":2,"minecraft:wheat_seeds":7,"minecraft:raw_gold":37,"minecraft:bell":1,"minecraft:diamond_helmet":1,"minecraft:oak_planks":31,"minecraft:cooked_porkchop":2,"minecraft:warped_wart_block":1,"minecraft:dark_oak_log":390,"minecraft:diamond":95,"minecraft:cracked_polished_blackstone_bricks":5,"minecraft:granite":11,"minecraft:emerald":3,"minecraft:oak_sapling":4,"minecraft:netherrack":221,"minecraft:crimson_roots":3,"minecraft:diamond_pickaxe":2,"minecraft:crafting_table":17,"minecraft:chicken":2,"minecraft:ladder":26,"minecraft:brown_mushroom":2,"minecraft:dragon_head":2,"minecraft:shield":1,"minecraft:cornflower":65,"minecraft:oak_trapdoor":21,"minecraft:iron_shovel":1,"minecraft:blackstone":6,"minecraft:blue_orchid":6,"minecraft:beef":12,"minecraft:oak_boat":8,"minecraft:poppy":6,"minecraft:light_gray_wool":1,"minecraft:lectern":289,"minecraft:sugar_cane":24,"minecraft:phantom_membrane":1,"minecraft:egg":2,"minecraft:dark_oak_sapling":24,"minecraft:raw_iron":55,"minecraft:end_stone":14,"minecraft:stone":419,"minecraft:polished_blackstone_bricks":4,"minecraft:redstone":77,"minecraft:dark_oak_planks":10,"minecraft:diamond_boots":1,"minecraft:hay_block":84,"minecraft:mutton":6,"minecraft:white_wool":3,"minecraft:rail":6,"minecraft:tripwire_hook":3,"minecraft:salmon":1,"minecraft:leather":16,"minecraft:birch_planks":1,"minecraft:oak_log":83,"minecraft:yellow_bed":4,"minecraft:gunpowder":2,"minecraft:blue_bed":2,"minecraft:white_banner":5,"minecraft:orange_terracotta":1,"minecraft:apple":2,"minecraft:stone_bricks":1,"minecraft:kelp":262,"minecraft:iron_ingot":12,"minecraft:iron_ore":4,"minecraft:glass_bottle":1,"minecraft:book":12,"minecraft:oak_slab":18,"minecraft:warped_fungus":3,"minecraft:quartz":16,"minecraft:dandelion":10,"minecraft:spyglass":1,"minecraft:gravel":16,"minecraft:amethyst_shard":12,"minecraft:spruce_sapling":2,"minecraft:white_bed":34,"minecraft:spider_eye":7,"minecraft:coal_ore":5,"minecraft:iron_helmet":5,"minecraft:diamond_axe":2,"minecraft:cherry_sapling":4,"minecraft:warped_roots":4,"minecraft:warped_nylium":3,"minecraft:coal":26,"minecraft:ender_pearl":17},"minecraft:killed":{"minecraft:spider":3,"minecraft:skeleton":3,"minecraft:chicken":2,"minecraft:silverfish":2,"minecraft:piglin":3,"minecraft:pig":1,"minecraft:zombie_villager":2,"minecraft:salmon":1,"minecraft:iron_golem":4,"minecraft:creeper":1,"minecraft:sheep":4,"minecraft:zombie":27,"minecraft:cow":5,"minecraft:phantom":1,"minecraft:villager":1,"minecraft:enderman":10},"minecraft:broken":{"minecraft:stone_pickaxe":1,"minecraft:iron_pickaxe":3},"minecraft:custom":{"minecraft:interact_with_crafting_table":66,"minecraft:open_barrel":2,"minecraft:bell_ring":2,"minecraft:leave_game":20,"minecraft:time_since_death":598254,"minecraft:sprint_one_cm":1437908,"minecraft:damage_blocked_by_shield":40,"minecraft:drop":177,"minecraft:talked_to_villager":470,"minecraft:play_time":598307,"minecraft:jump":10186,"minecraft:walk_on_water_one_cm":67336,"minecraft:interact_with_furnace":48,"minecraft:traded_with_villager":138,"minecraft:interact_with_loom":10,"minecraft:sleep_in_bed":21,"minecraft:damage_dealt":15735,"minecraft:crouch_one_cm":31519,"minecraft:interact_with_smoker":4,"minecraft:mob_kills":73,"minecraft:interact_with_anvil":24,"minecraft:inspect_hopper":1,"minecraft:climb_one_cm":26571,"minecraft:walk_one_cm":1071003,"minecraft:sneak_time":15901,"minecraft:walk_under_water_one_cm":88897,"minecraft:boat_one_cm":162200,"minecraft:interact_with_blast_furnace":5,"minecraft:total_world_time":598307,"minecraft:interact_with_grindstone":1,"minecraft:time_since_rest":119526,"minecraft:damage_taken":3023,"minecraft:swim_one_cm":145825,"minecraft:fly_one_cm":2474755,"minecraft:open_chest":446,"minecraft:fall_one_cm":228398},"minecraft:dropped":{"minecraft:brown_mushroom":1,"minecraft:diamond_axe":1,"minecraft:warped_fungus":3,"minecraft:cooked_beef":1,"minecraft:glass_bottle":1,"minecraft:diamond":52,"minecraft:crafting_table":2,"minecraft:netherite_upgrade_smithing_template":11,"minecraft:leather":12,"minecraft:cracked_polished_blackstone_bricks":5,"minecraft:dirt":198,"minecraft:dark_oak_log":6,"minecraft:crimson_roots":3,"minecraft:amethyst_shard":12,"minecraft:phantom_membrane":1,"minecraft:polished_blackstone_bricks":4,"minecraft:bone":2,"minecraft:gravel":13,"minecraft:blackstone":6,"minecraft:sugar_cane":2,"minecraft:ancient_debris":52,"minecraft:cobbled_deepslate":214,"minecraft:twisting_vines":3,"minecraft:wheat":65,"minecraft:rotten_flesh":20,"minecraft:white_bed":5,"minecraft:salmon":1,"minecraft:poppy":13,"minecraft:coal_ore":4,"minecraft:white_dye":1,"minecraft:iron_ore":4,"minecraft:warped_wart_block":1,"minecraft:quartz":16,"minecraft:iron_ingot":87,"minecraft:wheat_seeds":6,"minecraft:iron_helmet":5,"minecraft:feather":2,"minecraft:cobblestone":31,"minecraft:granite":3,"minecraft:stick":17,"minecraft:diorite":18,"minecraft:diamond_helmet":1,"minecraft:iron_leggings":1,"minecraft:iron_shovel":1,"minecraft:tripwire_hook":2,"minecraft:bucket":1,"minecraft:dandelion":5,"minecraft:redstone":12,"minecraft:oak_trapdoor":8,"minecraft:tuff":56,"minecraft:raw_iron":10,"minecraft:light_gray_wool":1,"minecraft:iron_boots":2,"minecraft:stone_slab":1,"minecraft:ender_eye":4,"minecraft:filled_map":1,"minecraft:potato":4,"minecraft:shield":2,"minecraft:diamond_pickaxe":2,"minecraft:andesite":36,"minecraft:yellow_bed":4,"minecraft:oak_boat":2,"minecraft:oak_sapling":4,"minecraft:spider_eye":7,"minecraft:diamond_boots":1,"minecraft:stone_pickaxe":1,"minecraft:wooden_pickaxe":1},"minecraft:used":{"minecraft:iron_shovel":396,"minecraft:oak_sign":9,"minecraft:chest":3,"minecraft:shield":4,"minecraft:stone":273,"minecraft:iron_sword":26,"minecraft:bell":1,"minecraft:rotten_flesh":2,"minecraft:tuff":8,"minecraft:lava_bucket":24,"minecraft:lantern":1,"minecraft:blue_orchid":6,"minecraft:warped_nylium":3,"minecraft:iron_helmet":1,"minecraft:stone_bricks":1,"minecraft:furnace":11,"minecraft:egg":2,"minecraft:potato":1,"minecraft:dragon_head":2,"minecraft:dark_oak_sapling":24,"minecraft:diorite":3,"minecraft:diamond_boots":1,"minecraft:oak_planks":8,"minecraft:stone_pickaxe":232,"minecraft:ender_pearl":2,"minecraft:wooden_pickaxe":17,"minecraft:sugar_cane":6,"minecraft:blue_bed":3,"minecraft:diamond_axe":810,"minecraft:loom":1,"minecraft:end_stone":14,"minecraft:lever":1,"minecraft:bread":91,"minecraft:lectern":289,"minecraft:diamond_sword":163,"minecraft:andesite":4,"minecraft:oak_boat":8,"minecraft:experience_bottle":20,"minecraft:oak_trapdoor":13,"minecraft:enchanting_table":1,"minecraft:stone_sword":99,"minecraft:flint_and_steel":3,"minecraft:cooked_chicken":2,"minecraft:netherrack":97,"minecraft:torch":88,"minecraft:brewing_stand":1,"minecraft:dirt":271,"minecraft:spyglass":304,"minecraft:hopper":9,"minecraft:granite":8,"minecraft:oak_fence_gate":8,"minecraft:iron_boots":1,"minecraft:diamond_chestplate":1,"minecraft:tripwire_hook":1,"minecraft:cooked_beef":9,"minecraft:cobbled_deepslate":109,"minecraft:orange_terracotta":1,"minecraft:iron_leggings":1,"minecraft:cooked_mutton":6,"minecraft:water_bucket":92,"minecraft:birch_planks":1,"minecraft:rail":4,"minecraft:oak_slab":36,"minecraft:crafting_table":20,"minecraft:white_bed":32,"minecraft:ender_eye":14,"minecraft:diamond_pickaxe":809,"minecraft:iron_pickaxe":750,"minecraft:stone_slab":10,"minecraft:stone_axe":103,"minecraft:pink_petals":12,"minecraft:cobblestone":148,"minecraft:white_banner":8,"minecraft:cooked_porkchop":6,"minecraft:bucket":114,"minecraft:kelp":33,"minecraft:diamond_leggings":1}},"DataVersion":3465}