{"stats":{"minecraft:used":{"minecraft:oak_trapdoor":13,"minecraft:stone_sword":99,"minecraft:enchanting_table":1,"minecraft:iron_shovel":387,"minecraft:flint_and_steel":1,"minecraft:oak_sign":9,"minecraft:chest":2,"minecraft:stone":167,"minecraft:iron_sword":26,"minecraft:cooked_chicken":2,"minecraft:netherrack":3,"minecraft:torch":64,"minecraft:dirt":261,"minecraft:spyglass":98,"minecraft:hopper":9,"minecraft:tuff":8,"minecraft:oak_fence_gate":8,"minecraft:lava_bucket":10,"minecraft:iron_helmet":1,"minecraft:iron_boots":1,"minecraft:diamond_chestplate":1,"minecraft:tripwire_hook":1,"minecraft:furnace":9,"minecraft:potato":1,"minecraft:cooked_beef":9,"minecraft:cobbled_deepslate":109,"minecraft:orange_terracotta":1,"minecraft:iron_leggings":1,"minecraft:dark_oak_sapling":24,"minecraft:cooked_mutton":6,"minecraft:water_bucket":32,"minecraft:diorite":3,"minecraft:oak_planks":3,"minecraft:stone_pickaxe":210,"minecraft:wooden_pickaxe":17,"minecraft:sugar_cane":6,"minecraft:blue_bed":2,"minecraft:diamond_axe":449,"minecraft:rail":4,"minecraft:oak_slab":22,"minecraft:crafting_table":14,"minecraft:white_bed":31,"minecraft:diamond_pickaxe":672,"minecraft:bread":12,"minecraft:iron_pickaxe":532,"minecraft:stone_slab":10,"minecraft:stone_axe":103,"minecraft:cobblestone":124,"minecraft:cooked_porkchop":6,"minecraft:andesite":4,"minecraft:bucket":40,"minecraft:oak_boat":5,"minecraft:diamond_leggings":1},"minecraft:broken":{"minecraft:stone_pickaxe":1,"minecraft:iron_pickaxe":2},"minecraft:killed":{"minecraft:spider":3,"minecraft:chicken":2,"minecraft:pig":1,"minecraft:salmon":1,"minecraft:iron_golem":2,"minecraft:sheep":4,"minecraft:zombie":22,"minecraft:cow":5},"minecraft:crafted":{"minecraft:oak_planks":132,"minecraft:cooked_chicken":2,"minecraft:furnace":2,"minecraft:cooked_mutton":6,"minecraft:flint_and_steel":1,"minecraft:diamond_helmet":1,"minecraft:diamond_leggings":1,"minecraft:iron_boots":1,"minecraft:stone_pickaxe":2,"minecraft:diamond_boots":1,"minecraft:dark_oak_planks":768,"minecraft:wheat":216,"minecraft:cooked_beef":9,"minecraft:oak_slab":18,"minecraft:diamond_sword":1,"minecraft:emerald":39,"minecraft:cooked_porkchop":4,"minecraft:crafting_table":3,"minecraft:enchanting_table":1,"minecraft:iron_helmet":1,"minecraft:wooden_pickaxe":1,"minecraft:iron_sword":1,"minecraft:blue_bed":1,"minecraft:bucket":1,"minecraft:stone_axe":1,"minecraft:enchanted_book":4,"minecraft:bread":72,"minecraft:air":0,"minecraft:blue_dye":1,"minecraft:oak_fence_gate":8,"minecraft:book":5,"minecraft:paper":15,"minecraft:stick":1423,"minecraft:iron_ingot":24,"minecraft:iron_pickaxe":3,"minecraft:stone_sword":1,"minecraft:iron_leggings":1,"minecraft:white_bed":1,"minecraft:torch":4,"minecraft:diamond_chestplate":1},"minecraft:mined":{"minecraft:tuff":124,"minecraft:white_bed":18,"minecraft:dark_oak_leaves":16,"minecraft:deepslate_diamond_ore":77,"minecraft:dark_oak_log":392,"minecraft:obsidian":14,"minecraft:budding_amethyst":1,"minecraft:granite":3,"minecraft:grass_block":181,"minecraft:hay_block":30,"minecraft:oak_trapdoor":1,"minecraft:furnace":9,"minecraft:iron_ore":4,"minecraft:cobbled_deepslate":63,"minecraft:andesite":42,"minecraft:deepslate_lapis_ore":4,"minecraft:potatoes":1,"minecraft:deepslate_iron_ore":52,"minecraft:rail":5,"minecraft:stone":582,"minecraft:tripwire":1,"minecraft:deepslate_redstone_ore":15,"minecraft:oak_slab":4,"minecraft:glass_pane":1,"minecraft:red_bed":1,"minecraft:medium_amethyst_bud":1,"minecraft:amethyst_cluster":3,"minecraft:orange_terracotta":1,"minecraft:crafting_table":12,"minecraft:torch":6,"minecraft:calcite":5,"minecraft:melon":8,"minecraft:stone_slab":2,"minecraft:copper_ore":1,"minecraft:tall_grass":1,"minecraft:cobblestone":48,"minecraft:deepslate_gold_ore":37,"minecraft:oak_planks":25,"minecraft:sugar_cane":11,"minecraft:diorite":41,"minecraft:blue_bed":1,"minecraft:wall_torch":6,"minecraft:amethyst_block":5,"minecraft:grass":16,"minecraft:oak_log":80,"minecraft:coal_ore":17,"minecraft:gravel":19,"minecraft:dirt":292,"minecraft:smooth_basalt":7,"minecraft:tripwire_hook":6,"minecraft:netherrack":25,"minecraft:oak_leaves":7,"minecraft:deepslate":238,"minecraft:fern":1},"minecraft:custom":{"minecraft:interact_with_anvil":3,"minecraft:mob_kills":42,"minecraft:interact_with_crafting_table":36,"minecraft:open_barrel":2,"minecraft:bell_ring":1,"minecraft:leave_game":8,"minecraft:time_since_death":260691,"minecraft:climb_one_cm":20585,"minecraft:sprint_one_cm":417063,"minecraft:walk_one_cm":522868,"minecraft:drop":102,"minecraft:talked_to_villager":53,"minecraft:play_time":260691,"minecraft:sneak_time":11276,"minecraft:walk_under_water_one_cm":38941,"minecraft:boat_one_cm":5780,"minecraft:jump":3051,"minecraft:interact_with_blast_furnace":1,"minecraft:walk_on_water_one_cm":38093,"minecraft:total_world_time":260691,"minecraft:interact_with_furnace":48,"minecraft:traded_with_villager":44,"minecraft:sleep_in_bed":18,"minecraft:time_since_rest":3584,"minecraft:damage_taken":1848,"minecraft:damage_dealt":6652,"minecraft:swim_one_cm":13680,"minecraft:fly_one_cm":554170,"minecraft:open_chest":130,"minecraft:crouch_one_cm":20102,"minecraft:interact_with_smoker":4,"minecraft:fall_one_cm":56049},"minecraft:dropped":{"minecraft:iron_ingot":87,"minecraft:wheat_seeds":5,"minecraft:diamond_axe":1,"minecraft:cooked_beef":1,"minecraft:diamond":37,"minecraft:crafting_table":2,"minecraft:feather":2,"minecraft:iron_helmet":5,"minecraft:cobblestone":23,"minecraft:leather":12,"minecraft:granite":3,"minecraft:stick":17,"minecraft:dirt":197,"minecraft:dark_oak_log":6,"minecraft:diorite":18,"minecraft:diamond_helmet":1,"minecraft:iron_leggings":1,"minecraft:amethyst_shard":12,"minecraft:tripwire_hook":2,"minecraft:bucket":1,"minecraft:redstone":12,"minecraft:gravel":13,"minecraft:sugar_cane":1,"minecraft:oak_trapdoor":8,"minecraft:cobbled_deepslate":155,"minecraft:tuff":56,"minecraft:wheat":1,"minecraft:raw_iron":10,"minecraft:rotten_flesh":16,"minecraft:light_gray_wool":1,"minecraft:iron_boots":2,"minecraft:stone_slab":1,"minecraft:salmon":1,"minecraft:coal_ore":4,"minecraft:diamond_pickaxe":1,"minecraft:andesite":34,"minecraft:oak_boat":2,"minecraft:oak_sapling":4,"minecraft:spider_eye":7,"minecraft:diamond_boots":1,"minecraft:iron_ore":4,"minecraft:wooden_pickaxe":1},"minecraft:picked_up":{"minecraft:crafting_table":13,"minecraft:wheat":1,"minecraft:chicken":2,"minecraft:brown_mushroom":1,"minecraft:stone_slab":19,"minecraft:string":5,"minecraft:oak_trapdoor":21,"minecraft:raw_copper":5,"minecraft:iron_leggings":1,"minecraft:iron_shovel":1,"minecraft:oak_sign":8,"minecraft:cobbled_deepslate":344,"minecraft:beef":12,"minecraft:oak_boat":7,"minecraft:light_gray_wool":1,"minecraft:melon_slice":33,"minecraft:sugar_cane":22,"minecraft:iron_boots":2,"minecraft:furnace":9,"minecraft:dark_oak_sapling":24,"minecraft:stick":40,"minecraft:raw_iron":55,"minecraft:stone":419,"minecraft:torch":36,"minecraft:porkchop":13,"minecraft:diorite":41,"minecraft:redstone":77,"minecraft:dark_oak_planks":10,"minecraft:rotten_flesh":16,"minecraft:diamond_boots":1,"minecraft:hay_block":24,"minecraft:obsidian":13,"minecraft:mutton":6,"minecraft:rail":6,"minecraft:white_wool":3,"minecraft:cobblestone":200,"minecraft:feather":2,"minecraft:cooked_beef":1,"minecraft:andesite":42,"minecraft:tripwire_hook":3,"minecraft:water_bucket":1,"minecraft:salmon":1,"minecraft:leather":16,"minecraft:potato":3,"minecraft:flint":1,"minecraft:tuff":64,"minecraft:oak_log":79,"minecraft:gunpowder":2,"minecraft:lapis_lazuli":24,"minecraft:dirt":469,"minecraft:blue_bed":1,"minecraft:orange_terracotta":1,"minecraft:apple":2,"minecraft:wheat_seeds":5,"minecraft:raw_gold":37,"minecraft:iron_ingot":5,"minecraft:iron_ore":4,"minecraft:diamond_helmet":1,"minecraft:oak_planks":26,"minecraft:oak_slab":4,"minecraft:cooked_porkchop":2,"minecraft:spyglass":1,"minecraft:gravel":13,"minecraft:amethyst_shard":12,"minecraft:white_bed":28,"minecraft:dark_oak_log":390,"minecraft:spider_eye":7,"minecraft:coal_ore":5,"minecraft:diamond":77,"minecraft:iron_helmet":5,"minecraft:granite":3,"minecraft:diamond_axe":2,"minecraft:oak_sapling":4,"minecraft:netherrack":25,"minecraft:coal":26,"minecraft:diamond_pickaxe":2}},"DataVersion":3465}