{"stats":{"minecraft:crafted":{"minecraft:oak_planks":132,"minecraft:cooked_chicken":2,"minecraft:furnace":2,"minecraft:cooked_mutton":6,"minecraft:flint_and_steel":1,"minecraft:diamond_helmet":1,"minecraft:diamond_leggings":1,"minecraft:iron_boots":1,"minecraft:stone_pickaxe":2,"minecraft:diamond_boots":1,"minecraft:wheat":216,"minecraft:cooked_beef":9,"minecraft:cooked_porkchop":4,"minecraft:crafting_table":1,"minecraft:enchanting_table":1,"minecraft:wooden_pickaxe":1,"minecraft:iron_helmet":1,"minecraft:iron_sword":1,"minecraft:bucket":1,"minecraft:stone_axe":1,"minecraft:bread":72,"minecraft:air":0,"minecraft:book":4,"minecraft:paper":15,"minecraft:stick":16,"minecraft:iron_ingot":24,"minecraft:iron_pickaxe":3,"minecraft:stone_sword":1,"minecraft:iron_leggings":1,"minecraft:white_bed":1,"minecraft:torch":4,"minecraft:diamond_chestplate":1},"minecraft:custom":{"minecraft:mob_kills":41,"minecraft:interact_with_crafting_table":30,"minecraft:bell_ring":1,"minecraft:leave_game":4,"minecraft:time_since_death":123395,"minecraft:climb_one_cm":6120,"minecraft:sprint_one_cm":259984,"minecraft:walk_one_cm":218545,"minecraft:drop":79,"minecraft:play_time":123395,"minecraft:sneak_time":5931,"minecraft:walk_under_water_one_cm":17429,"minecraft:jump":1734,"minecraft:walk_on_water_one_cm":16316,"minecraft:total_world_time":123395,"minecraft:interact_with_furnace":48,"minecraft:sleep_in_bed":13,"minecraft:time_since_rest":6361,"minecraft:damage_taken":1806,"minecraft:damage_dealt":5978,"minecraft:swim_one_cm":11146,"minecraft:fly_one_cm":294932,"minecraft:open_chest":23,"minecraft:crouch_one_cm":8733,"minecraft:fall_one_cm":41297},"minecraft:used":{"minecraft:stone_sword":99,"minecraft:enchanting_table":1,"minecraft:flint_and_steel":1,"minecraft:iron_sword":26,"minecraft:cooked_chicken":2,"minecraft:torch":6,"minecraft:spyglass":63,"minecraft:tuff":8,"minecraft:lava_bucket":8,"minecraft:iron_helmet":1,"minecraft:iron_boots":1,"minecraft:diamond_chestplate":1,"minecraft:tripwire_hook":1,"minecraft:furnace":9,"minecraft:cooked_beef":9,"minecraft:cobbled_deepslate":42,"minecraft:orange_terracotta":1,"minecraft:iron_leggings":1,"minecraft:cooked_mutton":6,"minecraft:water_bucket":9,"minecraft:diorite":3,"minecraft:oak_planks":3,"minecraft:stone_pickaxe":210,"minecraft:wooden_pickaxe":17,"minecraft:sugar_cane":6,"minecraft:diamond_axe":5,"minecraft:crafting_table":12,"minecraft:white_bed":8,"minecraft:diamond_pickaxe":62,"minecraft:bread":1,"minecraft:iron_pickaxe":521,"minecraft:stone_axe":103,"minecraft:cobblestone":120,"minecraft:cooked_porkchop":6,"minecraft:andesite":4,"minecraft:bucket":18,"minecraft:diamond_leggings":1},"minecraft:picked_up":{"minecraft:crafting_table":13,"minecraft:wheat":1,"minecraft:chicken":2,"minecraft:string":4,"minecraft:raw_copper":5,"minecraft:iron_leggings":1,"minecraft:cobbled_deepslate":283,"minecraft:beef":12,"minecraft:light_gray_wool":1,"minecraft:melon_slice":33,"minecraft:sugar_cane":22,"minecraft:furnace":9,"minecraft:iron_boots":2,"minecraft:stick":19,"minecraft:raw_iron":55,"minecraft:torch":3,"minecraft:porkchop":13,"minecraft:diorite":23,"minecraft:redstone":77,"minecraft:rotten_flesh":16,"minecraft:diamond_boots":1,"minecraft:hay_block":24,"minecraft:obsidian":13,"minecraft:mutton":6,"minecraft:cobblestone":166,"minecraft:white_wool":3,"minecraft:feather":2,"minecraft:cooked_beef":1,"minecraft:tripwire_hook":3,"minecraft:andesite":4,"minecraft:salmon":1,"minecraft:leather":16,"minecraft:flint":1,"minecraft:tuff":64,"minecraft:oak_log":79,"minecraft:lapis_lazuli":24,"minecraft:dirt":10,"minecraft:orange_terracotta":1,"minecraft:wheat_seeds":5,"minecraft:raw_gold":37,"minecraft:iron_ingot":2,"minecraft:diamond_helmet":1,"minecraft:oak_planks":4,"minecraft:cooked_porkchop":2,"minecraft:spyglass":1,"minecraft:gravel":13,"minecraft:amethyst_shard":12,"minecraft:white_bed":8,"minecraft:spider_eye":7,"minecraft:diamond":77,"minecraft:iron_helmet":5,"minecraft:granite":3,"minecraft:diamond_axe":1,"minecraft:oak_sapling":4,"minecraft:coal":26,"minecraft:diamond_pickaxe":1},"minecraft:dropped":{"minecraft:iron_ingot":2,"minecraft:wheat_seeds":1,"minecraft:diamond_axe":1,"minecraft:cooked_beef":1,"minecraft:diamond":37,"minecraft:crafting_table":2,"minecraft:cobblestone":19,"minecraft:iron_helmet":5,"minecraft:feather":2,"minecraft:leather":12,"minecraft:granite":3,"minecraft:stick":17,"minecraft:diamond_helmet":1,"minecraft:iron_leggings":1,"minecraft:amethyst_shard":12,"minecraft:tripwire_hook":2,"minecraft:redstone":12,"minecraft:gravel":13,"minecraft:sugar_cane":1,"minecraft:cobbled_deepslate":155,"minecraft:tuff":56,"minecraft:wheat":1,"minecraft:raw_iron":10,"minecraft:rotten_flesh":16,"minecraft:light_gray_wool":1,"minecraft:iron_boots":2,"minecraft:salmon":1,"minecraft:diamond_pickaxe":1,"minecraft:oak_sapling":4,"minecraft:spider_eye":7,"minecraft:diamond_boots":1,"minecraft:wooden_pickaxe":1},"minecraft:broken":{"minecraft:stone_pickaxe":1,"minecraft:iron_pickaxe":2},"minecraft:killed":{"minecraft:spider":3,"minecraft:chicken":2,"minecraft:pig":1,"minecraft:salmon":1,"minecraft:iron_golem":1,"minecraft:sheep":4,"minecraft:zombie":22,"minecraft:cow":5},"minecraft:mined":{"minecraft:tuff":124,"minecraft:white_bed":8,"minecraft:deepslate_diamond_ore":77,"minecraft:obsidian":14,"minecraft:granite":3,"minecraft:budding_amethyst":1,"minecraft:grass_block":3,"minecraft:hay_block":30,"minecraft:furnace":9,"minecraft:andesite":4,"minecraft:deepslate_lapis_ore":4,"minecraft:deepslate_iron_ore":52,"minecraft:stone":124,"minecraft:tripwire":1,"minecraft:deepslate_redstone_ore":15,"minecraft:glass_pane":1,"minecraft:medium_amethyst_bud":1,"minecraft:amethyst_cluster":3,"minecraft:orange_terracotta":1,"minecraft:crafting_table":11,"minecraft:torch":1,"minecraft:calcite":5,"minecraft:melon":8,"minecraft:tall_grass":1,"minecraft:copper_ore":1,"minecraft:cobblestone":43,"minecraft:deepslate_gold_ore":37,"minecraft:sugar_cane":11,"minecraft:oak_planks":3,"minecraft:diorite":23,"minecraft:wall_torch":1,"minecraft:amethyst_block":5,"minecraft:grass":10,"minecraft:oak_log":80,"minecraft:coal_ore":14,"minecraft:gravel":19,"minecraft:dirt":7,"minecraft:smooth_basalt":7,"minecraft:tripwire_hook":6,"minecraft:oak_leaves":7,"minecraft:deepslate":238,"minecraft:fern":1}},"DataVersion":3465}