{"stats":{"minecraft:custom":{"minecraft:mob_kills":166,"minecraft:interact_with_crafting_table":50,"minecraft:bell_ring":10,"minecraft:eat_cake_slice":1,"minecraft:leave_game":7,"minecraft:time_since_death":373805,"minecraft:climb_one_cm":14531,"minecraft:sprint_one_cm":1037321,"minecraft:walk_one_cm":616710,"minecraft:drop":204,"minecraft:talked_to_villager":205,"minecraft:play_time":396943,"minecraft:sneak_time":38368,"minecraft:deaths":1,"minecraft:walk_under_water_one_cm":17693,"minecraft:boat_one_cm":2648,"minecraft:jump":8625,"minecraft:walk_on_water_one_cm":32838,"minecraft:enchant_item":5,"minecraft:total_world_time":396943,"minecraft:interact_with_furnace":28,"minecraft:traded_with_villager":322,"minecraft:interact_with_grindstone":5,"minecraft:sleep_in_bed":23,"minecraft:time_since_rest":40655,"minecraft:damage_taken":5606,"minecraft:damage_dealt":46699,"minecraft:player_kills":1,"minecraft:swim_one_cm":64013,"minecraft:fly_one_cm":1608640,"minecraft:open_chest":167,"minecraft:crouch_one_cm":77485,"minecraft:fall_one_cm":221616,"minecraft:interact_with_smoker":6},"minecraft:crafted":{"minecraft:oak_planks":1000,"minecraft:raw_iron":9,"minecraft:tripwire_hook":4,"minecraft:spyglass":4,"minecraft:furnace":2,"minecraft:stone":5,"minecraft:jungle_trapdoor":2,"minecraft:cooked_mutton":9,"minecraft:diamond_helmet":3,"minecraft:bow":1,"minecraft:diamond_leggings":3,"minecraft:iron_boots":1,"minecraft:ladder":108,"minecraft:iron_hoe":1,"minecraft:stone_pickaxe":2,"minecraft:chest":10,"minecraft:diamond_boots":3,"minecraft:wheat":126,"minecraft:cooked_beef":54,"minecraft:arrow":16,"minecraft:diamond_sword":1,"minecraft:emerald":307,"minecraft:crafting_table":4,"minecraft:acacia_slab":12,"minecraft:wooden_pickaxe":1,"minecraft:iron_helmet":1,"minecraft:iron_sword":2,"minecraft:acacia_trapdoor":4,"minecraft:copper_ingot":8,"minecraft:bucket":1,"minecraft:stone_axe":3,"minecraft:jungle_slab":6,"minecraft:bread":56,"minecraft:air":0,"minecraft:jungle_planks":28,"minecraft:oak_boat":1,"minecraft:iron_chestplate":1,"minecraft:diamond_pickaxe":2,"minecraft:stick":7341,"minecraft:iron_ingot":149,"minecraft:iron_pickaxe":2,"minecraft:stone_sword":1,"minecraft:iron_shovel":1,"minecraft:iron_leggings":1,"minecraft:white_bed":1,"minecraft:composter":1,"minecraft:acacia_planks":3828,"minecraft:diamond_chestplate":3},"minecraft:mined":{"minecraft:large_amethyst_bud":1,"minecraft:tuff":7,"minecraft:white_bed":5,"minecraft:mossy_cobblestone":3,"minecraft:deepslate_diamond_ore":11,"minecraft:brewing_stand":3,"minecraft:obsidian":24,"minecraft:granite":2,"minecraft:acacia_log":33,"minecraft:grass_block":47,"minecraft:jungle_planks":4,"minecraft:jungle_log":7,"minecraft:composter":5,"minecraft:acacia_slab":6,"minecraft:spawner":7,"minecraft:hay_block":19,"minecraft:raw_iron_block":1,"minecraft:furnace":3,"minecraft:acacia_trapdoor":6,"minecraft:iron_ore":108,"minecraft:cobbled_deepslate":29,"minecraft:fire":3,"minecraft:acacia_wood":125,"minecraft:andesite":3,"minecraft:deepslate_lapis_ore":17,"minecraft:enchanting_table":1,"minecraft:bell":1,"minecraft:pointed_dripstone":3,"minecraft:deepslate_iron_ore":108,"minecraft:vine":11,"minecraft:rail":69,"minecraft:small_amethyst_bud":1,"minecraft:white_tulip":3,"minecraft:stone":214,"minecraft:orange_bed":18,"minecraft:tripwire":1,"minecraft:jungle_trapdoor":2,"minecraft:red_bed":3,"minecraft:melon_stem":9,"minecraft:smoker":8,"minecraft:brown_carpet":1,"minecraft:amethyst_cluster":2,"minecraft:orange_terracotta":3,"minecraft:crafting_table":7,"minecraft:melon":2,"minecraft:chest":7,"minecraft:dead_bush":5,"minecraft:copper_ore":2,"minecraft:tall_grass":7,"minecraft:cobblestone":76,"minecraft:sugar_cane":10,"minecraft:deepslate_gold_ore":48,"minecraft:lapis_ore":1,"minecraft:oak_planks":109,"minecraft:wall_torch":1,"minecraft:diorite":1,"minecraft:wheat":54,"minecraft:grass":110,"minecraft:oak_log":217,"minecraft:coal_ore":40,"minecraft:acacia_fence":1,"minecraft:sunflower":1,"minecraft:gravel":1,"minecraft:dripstone_block":2,"minecraft:dirt":13,"minecraft:cobweb":28,"minecraft:tripwire_hook":3,"minecraft:acacia_planks":10,"minecraft:netherrack":45,"minecraft:gold_ore":22,"minecraft:deepslate":94,"minecraft:oak_leaves":8,"minecraft:fern":2},"minecraft:broken":{"minecraft:stone_pickaxe":2,"minecraft:stone_axe":2,"minecraft:iron_sword":2,"minecraft:iron_pickaxe":2},"minecraft:dropped":{"minecraft:bread":84,"minecraft:iron_ingot":5,"minecraft:wheat_seeds":25,"minecraft:lapis_lazuli":30,"minecraft:cooked_beef":12,"minecraft:diamond":7,"minecraft:dripstone_block":1,"minecraft:diamond_leggings":1,"minecraft:iron_helmet":1,"minecraft:rail":24,"minecraft:grass_block":2,"minecraft:stick":476,"minecraft:dirt":1,"minecraft:torch":8,"minecraft:diamond_helmet":1,"minecraft:iron_leggings":1,"minecraft:string":47,"minecraft:tripwire_hook":408,"minecraft:acacia_planks":412,"minecraft:stone_axe":1,"minecraft:spyglass":3,"minecraft:stone_sword":1,"minecraft:tuff":5,"minecraft:wheat":9,"minecraft:raw_iron":92,"minecraft:rotten_flesh":3,"minecraft:oak_planks":48,"minecraft:iron_boots":1,"minecraft:poppy":7,"minecraft:gunpowder":1,"minecraft:diamond_chestplate":1,"minecraft:orange_terracotta":2,"minecraft:diamond_pickaxe":1,"minecraft:iron_chestplate":2,"minecraft:andesite":1,"minecraft:melon_seeds":4,"minecraft:oak_sapling":2,"minecraft:acacia_sapling":1,"minecraft:slime_ball":2,"minecraft:diamond_boots":1,"minecraft:arrow":3,"minecraft:raw_gold":21},"minecraft:picked_up":{"minecraft:iron_chestplate":2,"minecraft:crafting_table":7,"minecraft:wheat":51,"minecraft:ladder":1,"minecraft:lead":2,"minecraft:brewing_stand":3,"minecraft:jungle_trapdoor":2,"minecraft:string":71,"minecraft:red_bed":4,"minecraft:raw_copper":9,"minecraft:acacia_door":2,"minecraft:cobbled_deepslate":121,"minecraft:beef":102,"minecraft:white_tulip":3,"minecraft:oak_boat":1,"minecraft:poppy":17,"minecraft:minecart":1,"minecraft:melon_slice":30,"minecraft:sugar_cane":63,"minecraft:chest":7,"minecraft:iron_boots":1,"minecraft:furnace":3,"minecraft:stick":538,"minecraft:raw_iron":216,"minecraft:acacia_fence":1,"minecraft:composter":5,"minecraft:torch":9,"minecraft:acacia_log":33,"minecraft:pointed_dripstone":3,"minecraft:diorite":1,"minecraft:brown_carpet":1,"minecraft:orange_bed":20,"minecraft:stone_sword":1,"minecraft:arrow":13,"minecraft:rotten_flesh":31,"minecraft:hay_block":25,"minecraft:obsidian":24,"minecraft:mutton":4,"minecraft:rail":70,"minecraft:white_wool":10,"minecraft:cobblestone":311,"minecraft:cooked_beef":24,"minecraft:tripwire_hook":1467,"minecraft:andesite":3,"minecraft:jungle_log":7,"minecraft:leather":59,"minecraft:red_mushroom":1,"minecraft:smoker":8,"minecraft:acacia_wood":125,"minecraft:chainmail_chestplate":7,"minecraft:tuff":6,"minecraft:oak_log":217,"minecraft:gunpowder":5,"minecraft:lapis_lazuli":121,"minecraft:dirt":74,"minecraft:orange_terracotta":4,"minecraft:cooked_mutton":8,"minecraft:bone":33,"minecraft:acacia_planks":12,"minecraft:apple":12,"minecraft:wheat_seeds":153,"minecraft:acacia_trapdoor":6,"minecraft:raw_gold":70,"minecraft:bell":1,"minecraft:iron_ingot":118,"minecraft:stone_pickaxe":1,"minecraft:glass_bottle":2,"minecraft:oak_planks":152,"minecraft:acacia_sapling":1,"minecraft:cooked_porkchop":19,"minecraft:raw_iron_block":1,"minecraft:dripstone_block":1,"minecraft:gravel":1,"minecraft:jungle_planks":13,"minecraft:amethyst_shard":8,"minecraft:white_bed":6,"minecraft:grass_block":2,"minecraft:acacia_stairs":1,"minecraft:spider_eye":8,"minecraft:mossy_cobblestone":3,"minecraft:slime_ball":14,"minecraft:diamond":10,"minecraft:stone_axe":2,"minecraft:chainmail_leggings":1,"minecraft:granite":2,"minecraft:bone_meal":96,"minecraft:emerald":21,"minecraft:bread":61,"minecraft:netherrack":43,"minecraft:oak_sapling":49,"minecraft:acacia_slab":8,"minecraft:melon_seeds":10,"minecraft:coal":85,"minecraft:sunflower":1,"minecraft:ender_pearl":1},"minecraft:killed_by":{"minecraft:iron_golem":1},"minecraft:killed":{"minecraft:cave_spider":6,"minecraft:witch":1,"minecraft:spider":15,"minecraft:slime":18,"minecraft:horse":3,"minecraft:skeleton":18,"minecraft:piglin":3,"minecraft:zombie_villager":1,"minecraft:iron_golem":27,"minecraft:frog":1,"minecraft:creeper":4,"minecraft:sheep":1,"minecraft:zombie":25,"minecraft:enderman":2,"minecraft:cow":38},"minecraft:used":{"minecraft:stone_sword":140,"minecraft:enchanting_table":1,"minecraft:iron_shovel":35,"minecraft:ladder":18,"minecraft:poppy":3,"minecraft:chest":10,"minecraft:iron_sword":483,"minecraft:bell":1,"minecraft:netherrack":27,"minecraft:iron_chestplate":1,"minecraft:orange_bed":18,"minecraft:torch":5,"minecraft:spyglass":160,"minecraft:dirt":38,"minecraft:mutton":2,"minecraft:jungle_planks":5,"minecraft:diamond_helmet":1,"minecraft:tuff":1,"minecraft:jungle_trapdoor":4,"minecraft:granite":2,"minecraft:iron_hoe":100,"minecraft:lava_bucket":1,"minecraft:acacia_slab":4,"minecraft:iron_helmet":1,"minecraft:iron_boots":1,"minecraft:melon_seeds":6,"minecraft:tripwire_hook":536,"minecraft:brown_carpet":1,"minecraft:beef":3,"minecraft:hay_block":11,"minecraft:oak_sapling":1,"minecraft:furnace":3,"minecraft:minecart":1,"minecraft:cooked_beef":18,"minecraft:cobbled_deepslate":121,"minecraft:orange_terracotta":2,"minecraft:wheat_seeds":121,"minecraft:cooked_mutton":17,"minecraft:water_bucket":72,"minecraft:diorite":1,"minecraft:acacia_trapdoor":10,"minecraft:stone_pickaxe":263,"minecraft:oak_planks":219,"minecraft:wooden_pickaxe":12,"minecraft:composter":6,"minecraft:sugar_cane":5,"minecraft:diamond_axe":292,"minecraft:white_wool":1,"minecraft:mossy_cobblestone":3,"minecraft:rail":46,"minecraft:crafting_table":9,"minecraft:red_bed":1,"minecraft:red_mushroom":1,"minecraft:white_bed":7,"minecraft:cake":1,"minecraft:smoker":7,"minecraft:diamond_pickaxe":50,"minecraft:acacia_stairs":1,"minecraft:acacia_door":2,"minecraft:iron_pickaxe":642,"minecraft:string":2,"minecraft:bread":55,"minecraft:gravel":1,"minecraft:stone_axe":265,"minecraft:diamond_sword":197,"minecraft:cobblestone":246,"minecraft:cooked_porkchop":17,"minecraft:andesite":2,"minecraft:bucket":74,"minecraft:bone_meal":96,"minecraft:oak_boat":1}},"DataVersion":3465}