{"stats":{"minecraft:crafted":{"minecraft:oak_planks":424,"minecraft:raw_iron":9,"minecraft:tripwire_hook":4,"minecraft:spyglass":4,"minecraft:furnace":2,"minecraft:jungle_trapdoor":2,"minecraft:cooked_mutton":9,"minecraft:diamond_helmet":3,"minecraft:bow":1,"minecraft:diamond_leggings":3,"minecraft:iron_boots":1,"minecraft:ladder":108,"minecraft:stone_pickaxe":2,"minecraft:chest":6,"minecraft:diamond_boots":3,"minecraft:wheat":126,"minecraft:cooked_beef":4,"minecraft:diamond_sword":1,"minecraft:arrow":16,"minecraft:emerald":275,"minecraft:crafting_table":4,"minecraft:wooden_pickaxe":1,"minecraft:iron_helmet":1,"minecraft:iron_sword":2,"minecraft:acacia_trapdoor":4,"minecraft:copper_ingot":8,"minecraft:bucket":1,"minecraft:stone_axe":3,"minecraft:jungle_slab":6,"minecraft:bread":42,"minecraft:air":0,"minecraft:jungle_planks":28,"minecraft:diamond_pickaxe":1,"minecraft:iron_chestplate":1,"minecraft:stick":6485,"minecraft:iron_pickaxe":2,"minecraft:iron_ingot":62,"minecraft:stone_sword":1,"minecraft:iron_leggings":1,"minecraft:white_bed":1,"minecraft:acacia_planks":3828,"minecraft:diamond_chestplate":3},"minecraft:killed_by":{"minecraft:iron_golem":1},"minecraft:custom":{"minecraft:mob_kills":101,"minecraft:interact_with_crafting_table":40,"minecraft:leave_game":5,"minecraft:time_since_death":234504,"minecraft:climb_one_cm":10935,"minecraft:sprint_one_cm":673851,"minecraft:walk_one_cm":354334,"minecraft:drop":179,"minecraft:talked_to_villager":180,"minecraft:play_time":257642,"minecraft:deaths":1,"minecraft:sneak_time":31242,"minecraft:walk_under_water_one_cm":16422,"minecraft:jump":5489,"minecraft:walk_on_water_one_cm":24350,"minecraft:enchant_item":2,"minecraft:total_world_time":257642,"minecraft:interact_with_furnace":24,"minecraft:traded_with_villager":289,"minecraft:sleep_in_bed":18,"minecraft:time_since_rest":4672,"minecraft:damage_taken":4383,"minecraft:damage_dealt":40045,"minecraft:swim_one_cm":39671,"minecraft:fly_one_cm":901545,"minecraft:player_kills":1,"minecraft:open_chest":88,"minecraft:crouch_one_cm":61856,"minecraft:interact_with_smoker":2,"minecraft:fall_one_cm":121390},"minecraft:used":{"minecraft:stone_sword":140,"minecraft:enchanting_table":1,"minecraft:ladder":18,"minecraft:poppy":3,"minecraft:chest":6,"minecraft:iron_sword":483,"minecraft:iron_chestplate":1,"minecraft:orange_bed":16,"minecraft:torch":1,"minecraft:spyglass":145,"minecraft:dirt":32,"minecraft:mutton":2,"minecraft:jungle_planks":5,"minecraft:tuff":1,"minecraft:jungle_trapdoor":4,"minecraft:granite":2,"minecraft:lava_bucket":1,"minecraft:iron_helmet":1,"minecraft:iron_boots":1,"minecraft:melon_seeds":6,"minecraft:tripwire_hook":536,"minecraft:beef":3,"minecraft:hay_block":11,"minecraft:oak_sapling":1,"minecraft:furnace":3,"minecraft:cooked_beef":4,"minecraft:cobbled_deepslate":121,"minecraft:orange_terracotta":2,"minecraft:cooked_mutton":17,"minecraft:water_bucket":54,"minecraft:diorite":1,"minecraft:acacia_trapdoor":10,"minecraft:stone_pickaxe":263,"minecraft:oak_planks":27,"minecraft:wooden_pickaxe":12,"minecraft:sugar_cane":5,"minecraft:diamond_axe":146,"minecraft:mossy_cobblestone":3,"minecraft:crafting_table":8,"minecraft:red_bed":1,"minecraft:white_bed":4,"minecraft:smoker":1,"minecraft:acacia_stairs":1,"minecraft:acacia_door":2,"minecraft:bread":53,"minecraft:string":2,"minecraft:iron_pickaxe":543,"minecraft:gravel":1,"minecraft:stone_axe":265,"minecraft:diamond_sword":73,"minecraft:cobblestone":246,"minecraft:cooked_porkchop":7,"minecraft:andesite":2,"minecraft:bucket":56},"minecraft:picked_up":{"minecraft:crafting_table":6,"minecraft:iron_chestplate":2,"minecraft:wheat":10,"minecraft:ladder":1,"minecraft:brewing_stand":3,"minecraft:jungle_trapdoor":2,"minecraft:string":71,"minecraft:red_bed":2,"minecraft:raw_copper":9,"minecraft:acacia_door":2,"minecraft:cobbled_deepslate":121,"minecraft:beef":31,"minecraft:poppy":17,"minecraft:melon_slice":20,"minecraft:furnace":1,"minecraft:iron_boots":1,"minecraft:stick":537,"minecraft:raw_iron":216,"minecraft:acacia_fence":1,"minecraft:torch":9,"minecraft:acacia_log":33,"minecraft:pointed_dripstone":3,"minecraft:diorite":1,"minecraft:orange_bed":18,"minecraft:rotten_flesh":23,"minecraft:stone_sword":1,"minecraft:arrow":13,"minecraft:hay_block":25,"minecraft:mutton":4,"minecraft:cobblestone":311,"minecraft:white_wool":9,"minecraft:cooked_beef":24,"minecraft:tripwire_hook":1455,"minecraft:andesite":3,"minecraft:jungle_log":7,"minecraft:leather":22,"minecraft:smoker":1,"minecraft:acacia_wood":125,"minecraft:tuff":6,"minecraft:oak_log":201,"minecraft:gunpowder":5,"minecraft:lapis_lazuli":118,"minecraft:dirt":33,"minecraft:orange_terracotta":2,"minecraft:cooked_mutton":8,"minecraft:bone":10,"minecraft:acacia_planks":10,"minecraft:apple":12,"minecraft:acacia_trapdoor":6,"minecraft:wheat_seeds":28,"minecraft:raw_gold":70,"minecraft:stone_pickaxe":1,"minecraft:iron_ingot":118,"minecraft:glass_bottle":2,"minecraft:acacia_sapling":1,"minecraft:oak_planks":4,"minecraft:cooked_porkchop":19,"minecraft:gravel":1,"minecraft:raw_iron_block":1,"minecraft:dripstone_block":1,"minecraft:jungle_planks":12,"minecraft:amethyst_shard":8,"minecraft:white_bed":3,"minecraft:acacia_stairs":1,"minecraft:spider_eye":8,"minecraft:mossy_cobblestone":3,"minecraft:diamond":10,"minecraft:stone_axe":2,"minecraft:granite":2,"minecraft:bread":21,"minecraft:oak_sapling":49,"minecraft:acacia_slab":1,"minecraft:melon_seeds":10,"minecraft:coal":50},"minecraft:dropped":{"minecraft:iron_ingot":5,"minecraft:wheat_seeds":20,"minecraft:cooked_beef":12,"minecraft:diamond":7,"minecraft:dripstone_block":1,"minecraft:diamond_leggings":1,"minecraft:iron_helmet":1,"minecraft:stick":476,"minecraft:dirt":1,"minecraft:torch":8,"minecraft:diamond_helmet":1,"minecraft:iron_leggings":1,"minecraft:string":15,"minecraft:tripwire_hook":396,"minecraft:acacia_planks":412,"minecraft:stone_axe":1,"minecraft:spyglass":3,"minecraft:stone_sword":1,"minecraft:tuff":5,"minecraft:wheat":9,"minecraft:raw_iron":92,"minecraft:iron_boots":1,"minecraft:poppy":7,"minecraft:gunpowder":1,"minecraft:diamond_chestplate":1,"minecraft:diamond_pickaxe":1,"minecraft:iron_chestplate":2,"minecraft:andesite":1,"minecraft:melon_seeds":4,"minecraft:oak_sapling":2,"minecraft:acacia_sapling":1,"minecraft:diamond_boots":1,"minecraft:arrow":3,"minecraft:raw_gold":21},"minecraft:broken":{"minecraft:stone_pickaxe":2,"minecraft:stone_axe":2,"minecraft:iron_sword":2,"minecraft:iron_pickaxe":2},"minecraft:killed":{"minecraft:cave_spider":6,"minecraft:witch":1,"minecraft:spider":15,"minecraft:skeleton":16,"minecraft:zombie_villager":1,"minecraft:iron_golem":27,"minecraft:creeper":4,"minecraft:sheep":1,"minecraft:zombie":21,"minecraft:cow":9},"minecraft:mined":{"minecraft:large_amethyst_bud":1,"minecraft:tuff":7,"minecraft:white_bed":2,"minecraft:mossy_cobblestone":3,"minecraft:deepslate_diamond_ore":11,"minecraft:brewing_stand":3,"minecraft:granite":2,"minecraft:acacia_log":33,"minecraft:grass_block":9,"minecraft:jungle_planks":3,"minecraft:jungle_log":7,"minecraft:spawner":7,"minecraft:hay_block":19,"minecraft:raw_iron_block":1,"minecraft:furnace":1,"minecraft:acacia_trapdoor":6,"minecraft:iron_ore":108,"minecraft:cobbled_deepslate":29,"minecraft:acacia_wood":125,"minecraft:andesite":3,"minecraft:deepslate_lapis_ore":17,"minecraft:enchanting_table":1,"minecraft:pointed_dripstone":3,"minecraft:deepslate_iron_ore":108,"minecraft:vine":6,"minecraft:small_amethyst_bud":1,"minecraft:stone":214,"minecraft:tripwire":1,"minecraft:orange_bed":16,"minecraft:jungle_trapdoor":2,"minecraft:red_bed":1,"minecraft:melon_stem":9,"minecraft:smoker":1,"minecraft:amethyst_cluster":2,"minecraft:orange_terracotta":2,"minecraft:crafting_table":6,"minecraft:melon":2,"minecraft:dead_bush":4,"minecraft:tall_grass":6,"minecraft:copper_ore":2,"minecraft:cobblestone":76,"minecraft:lapis_ore":1,"minecraft:deepslate_gold_ore":48,"minecraft:oak_planks":5,"minecraft:diorite":1,"minecraft:wall_torch":1,"minecraft:wheat":13,"minecraft:grass":63,"minecraft:oak_log":201,"minecraft:coal_ore":40,"minecraft:acacia_fence":1,"minecraft:gravel":1,"minecraft:dripstone_block":2,"minecraft:dirt":11,"minecraft:cobweb":28,"minecraft:tripwire_hook":3,"minecraft:acacia_planks":8,"minecraft:oak_leaves":4,"minecraft:gold_ore":22,"minecraft:deepslate":94,"minecraft:fern":2}},"DataVersion":3465}