{"stats":{"minecraft:mined":{"minecraft:dragon_wall_head":1,"minecraft:white_bed":19,"minecraft:pink_bed":1,"minecraft:obsidian":61,"minecraft:granite":2,"minecraft:chiseled_polished_blackstone":1,"minecraft:acacia_log":33,"minecraft:jungle_log":7,"minecraft:nether_wart":40,"minecraft:spawner":9,"minecraft:polished_blackstone_bricks":14,"minecraft:weeping_vines_plant":1,"minecraft:tall_seagrass":1,"minecraft:magma_block":8,"minecraft:barrel":15,"minecraft:cobbled_deepslate":33,"minecraft:fire":144,"minecraft:deepslate_lapis_ore":77,"minecraft:enchanting_table":8,"minecraft:oak_stairs":4,"minecraft:small_amethyst_bud":1,"minecraft:white_banner":2,"minecraft:tripwire":9,"minecraft:orange_bed":26,"minecraft:jungle_trapdoor":4,"minecraft:brown_mushroom":4,"minecraft:red_bed":5,"minecraft:smoker":17,"minecraft:crimson_nylium":18,"minecraft:amethyst_cluster":4,"minecraft:deepslate_tile_slab":1,"minecraft:torch":22,"minecraft:blast_furnace":2,"minecraft:melon":19,"minecraft:dead_bush":8,"minecraft:glass":2,"minecraft:sugar_cane":338,"minecraft:wheat":134,"minecraft:grass":205,"minecraft:infested_mossy_stone_bricks":1,"minecraft:dark_oak_sapling":1,"minecraft:loom":2,"minecraft:stripped_crimson_stem":4,"minecraft:deepslate":578,"minecraft:mossy_cobblestone":3,"minecraft:dark_oak_log":1231,"minecraft:jack_o_lantern":1,"minecraft:end_stone":318,"minecraft:nether_bricks":7,"minecraft:jungle_planks":4,"minecraft:crimson_roots":2,"minecraft:acacia_trapdoor":6,"minecraft:acacia_wood":125,"minecraft:andesite":21,"minecraft:potatoes":484,"minecraft:vine":15,"minecraft:rail":263,"minecraft:bamboo":1,"minecraft:white_wool":2,"minecraft:ender_chest":5,"minecraft:oak_slab":15,"minecraft:brown_carpet":1,"minecraft:observer":5,"minecraft:dandelion":1,"minecraft:emerald_ore":2,"minecraft:tall_grass":7,"minecraft:purpur_pillar":1,"minecraft:copper_ore":4,"minecraft:deepslate_gold_ore":126,"minecraft:diorite":42,"minecraft:sunflower":1,"minecraft:gravel":1,"minecraft:dripstone_block":6,"minecraft:cobweb":40,"minecraft:acacia_planks":10,"minecraft:gold_ore":32,"minecraft:fern":2,"minecraft:large_amethyst_bud":2,"minecraft:brewing_stand":5,"minecraft:grass_block":140,"minecraft:cracked_polished_blackstone_bricks":10,"minecraft:composter":6,"minecraft:gilded_blackstone":10,"minecraft:raw_iron_block":1,"minecraft:iron_ore":236,"minecraft:pointed_dripstone":3,"minecraft:birch_wall_sign":1,"minecraft:end_stone_bricks":1,"minecraft:deepslate_redstone_ore":64,"minecraft:blackstone":67,"minecraft:polished_deepslate_stairs":13,"minecraft:melon_stem":9,"minecraft:orange_terracotta":3,"minecraft:purpur_stairs":1,"minecraft:chest":33,"minecraft:nether_quartz_ore":2921,"minecraft:cobblestone":132,"minecraft:grindstone":3,"minecraft:oak_planks":265,"minecraft:wall_torch":2,"minecraft:seagrass":3,"minecraft:nether_wart_block":503,"minecraft:birch_log":5,"minecraft:purpur_block":30,"minecraft:oak_log":566,"minecraft:acacia_fence":1,"minecraft:dirt":77,"minecraft:tripwire_hook":6,"minecraft:netherrack":4307,"minecraft:ancient_debris":32,"minecraft:oak_leaves":46,"minecraft:nether_gold_ore":221,"minecraft:tuff":46,"minecraft:dark_oak_leaves":79,"minecraft:deepslate_diamond_ore":161,"minecraft:ladder":3,"minecraft:weeping_vines":1,"minecraft:acacia_slab":7,"minecraft:crimson_stem":85,"minecraft:hay_block":24,"minecraft:oak_trapdoor":4,"minecraft:furnace":4,"minecraft:gold_block":32,"minecraft:bell":8,"minecraft:bookshelf":33,"minecraft:shroomlight":25,"minecraft:deepslate_iron_ore":280,"minecraft:lantern":10,"minecraft:chorus_plant":2,"minecraft:stone":454,"minecraft:white_tulip":3,"minecraft:basalt":3,"minecraft:crafting_table":10,"minecraft:lectern":284,"minecraft:stone_slab":7,"minecraft:lapis_ore":9,"minecraft:lily_pad":32,"minecraft:blue_bed":1,"minecraft:birch_planks":6,"minecraft:polished_blackstone_slab":1,"minecraft:coal_ore":368},"minecraft:crafted":{"minecraft:ender_chest":1,"minecraft:smooth_stone":12,"minecraft:oak_sign":9,"minecraft:blaze_powder":2,"minecraft:birch_boat":1,"minecraft:lever":1,"minecraft:bookshelf":36,"minecraft:cooked_mutton":9,"minecraft:shulker_box":4,"minecraft:quartz_block":5,"minecraft:glass":28,"minecraft:diamond_helmet":4,"minecraft:diamond_leggings":4,"minecraft:melon_seeds":9,"minecraft:name_tag":1,"minecraft:emerald":1301,"minecraft:diamond_axe":2,"minecraft:acacia_slab":12,"minecraft:clock":4,"minecraft:copper_ingot":8,"minecraft:hay_block":1,"minecraft:lectern":2,"minecraft:stone_slab":78,"minecraft:iron_pickaxe":3,"minecraft:iron_block":3,"minecraft:gold_ingot":446,"minecraft:netherite_ingot":13,"minecraft:composter":1,"minecraft:golden_carrot":18,"minecraft:smooth_stone_slab":6,"minecraft:spyglass":5,"minecraft:diamond_hoe":1,"minecraft:bone_meal":84,"minecraft:lantern":42,"minecraft:ladder":108,"minecraft:stone_pickaxe":2,"minecraft:diamond_boots":4,"minecraft:dark_oak_planks":3992,"minecraft:wheat":126,"minecraft:netherite_pickaxe":1,"minecraft:acacia_trapdoor":4,"minecraft:enchanted_book":15,"minecraft:jungle_slab":6,"minecraft:oak_fence_gate":8,"minecraft:golden_apple":9,"minecraft:oak_stairs":4,"minecraft:iron_shovel":2,"minecraft:iron_leggings":1,"minecraft:white_bed":2,"minecraft:oak_planks":3608,"minecraft:barrel":1,"minecraft:stone":5,"minecraft:suspicious_stew":7,"minecraft:hopper":21,"minecraft:bow":1,"minecraft:iron_boots":1,"minecraft:chest":60,"minecraft:netherite_upgrade_smithing_template":12,"minecraft:ender_eye":1,"minecraft:smoker":1,"minecraft:oak_slab":18,"minecraft:arrow":16,"minecraft:crafting_table":4,"minecraft:wooden_pickaxe":1,"minecraft:iron_helmet":1,"minecraft:birch_planks":252,"minecraft:apple":28,"minecraft:book":2,"minecraft:iron_chestplate":1,"minecraft:paper":579,"minecraft:diamond_pickaxe":5,"minecraft:purple_dye":2,"minecraft:stick":20262,"minecraft:netherite_hoe":1,"minecraft:iron_ingot":165,"minecraft:stone_sword":1,"minecraft:shears":1,"minecraft:cookie":72,"minecraft:raw_iron":9,"minecraft:fishing_rod":1,"minecraft:tripwire_hook":4,"minecraft:netherite_sword":1,"minecraft:furnace":6,"minecraft:blast_furnace":3,"minecraft:jungle_trapdoor":2,"minecraft:oak_trapdoor":18,"minecraft:flint_and_steel":1,"minecraft:iron_hoe":1,"minecraft:netherite_scrap":52,"minecraft:birch_sign":3,"minecraft:observer":2,"minecraft:cooked_beef":54,"minecraft:red_dye":1,"minecraft:diamond_sword":2,"minecraft:iron_sword":2,"minecraft:bell":1,"minecraft:bucket":3,"minecraft:stone_axe":3,"minecraft:bread":56,"minecraft:air":0,"minecraft:jungle_planks":28,"minecraft:blue_dye":1,"minecraft:oak_boat":2,"minecraft:anvil":1,"minecraft:pumpkin_pie":16,"minecraft:acacia_planks":3828,"minecraft:torch":64,"minecraft:diamond_chestplate":4,"minecraft:firework_rocket":120},"minecraft:picked_up":{"minecraft:iron_chestplate":2,"minecraft:suspicious_stew":1,"minecraft:diamond_sword":4,"minecraft:lead":7,"minecraft:stone_slab":7,"minecraft:oak_stairs":8,"minecraft:enchanted_book":15,"minecraft:brewing_stand":6,"minecraft:golden_sword":2,"minecraft:string":358,"minecraft:shroomlight":25,"minecraft:diamond_leggings":1,"minecraft:gold_nugget":1089,"minecraft:cobbled_deepslate":184,"minecraft:netherite_upgrade_smithing_template":13,"minecraft:melon_slice":145,"minecraft:composter":6,"minecraft:acacia_log":33,"minecraft:rabbit_foot":1,"minecraft:brown_carpet":3,"minecraft:orange_bed":28,"minecraft:stone_sword":1,"minecraft:iron_block":1,"minecraft:netherite_chestplate":1,"minecraft:blaze_rod":17,"minecraft:birch_log":111,"minecraft:magma_block":5,"minecraft:feather":7,"minecraft:cooked_beef":39,"minecraft:jungle_log":7,"minecraft:smoker":15,"minecraft:flint":1,"minecraft:netherite_leggings":1,"minecraft:lantern":12,"minecraft:large_amethyst_bud":1,"minecraft:diamond_helmet":1,"minecraft:chiseled_polished_blackstone":1,"minecraft:stripped_crimson_stem":4,"minecraft:ink_sac":3,"minecraft:loom":2,"minecraft:acacia_stairs":1,"minecraft:dark_oak_log":1230,"minecraft:barrel":15,"minecraft:iron_hoe":1,"minecraft:deepslate":423,"minecraft:deepslate_gold_ore":39,"minecraft:granite":2,"minecraft:bread":83,"minecraft:jack_o_lantern":1,"minecraft:crimson_roots":3,"minecraft:diamond_pickaxe":2,"minecraft:crafting_table":13,"minecraft:nether_wart":43,"minecraft:dragon_head":1,"minecraft:purpur_block":28,"minecraft:jungle_trapdoor":4,"minecraft:red_bed":8,"minecraft:elytra":3,"minecraft:acacia_door":3,"minecraft:netherite_scrap":5,"minecraft:netherite_sword":1,"minecraft:deepslate_diamond_ore":84,"minecraft:beef":142,"minecraft:poppy":46,"minecraft:minecart":57,"minecraft:chest":32,"minecraft:birch_sapling":62,"minecraft:egg":4,"minecraft:stone":198,"minecraft:amethyst_cluster":2,"minecraft:cake":12,"minecraft:redstone":509,"minecraft:netherite_pickaxe":1,"minecraft:diamond_boots":2,"minecraft:hay_block":30,"minecraft:gold_ingot":220,"minecraft:mutton":4,"minecraft:white_wool":34,"minecraft:rail":422,"minecraft:emerald_ore":1,"minecraft:lapis_ore":4,"minecraft:tripwire_hook":2105,"minecraft:red_mushroom":3,"minecraft:acacia_wood":125,"minecraft:oak_log":563,"minecraft:lily_pad":32,"minecraft:ancient_debris":142,"minecraft:blue_bed":1,"minecraft:white_banner":2,"minecraft:apple":310,"minecraft:kelp":33,"minecraft:stone_pickaxe":1,"minecraft:iron_ore":61,"minecraft:glass_bottle":4,"minecraft:spyglass":1,"minecraft:gravel":1,"minecraft:dragon_egg":1,"minecraft:firework_rocket":57,"minecraft:coal_ore":180,"minecraft:slime_ball":25,"minecraft:stone_axe":3,"minecraft:diamond_axe":5,"minecraft:deepslate_redstone_ore":32,"minecraft:birch_sign":1,"minecraft:oak_button":16,"minecraft:brown_banner":2,"minecraft:melon_seeds":10,"minecraft:warped_nylium":3,"minecraft:crimson_nylium":3,"minecraft:mangrove_propagule":6,"minecraft:ender_pearl":32,"minecraft:shulker_shell":10,"minecraft:wheat":200,"minecraft:ender_chest":5,"minecraft:potion":4,"minecraft:gilded_blackstone":20,"minecraft:crimson_planks":5,"minecraft:raw_copper":9,"minecraft:deepslate_lapis_ore":26,"minecraft:smooth_stone_slab":12,"minecraft:iron_leggings":1,"minecraft:netherite_ingot":4,"minecraft:smooth_stone":2,"minecraft:bucket":2,"minecraft:white_tulip":6,"minecraft:ender_eye":1,"minecraft:iron_pickaxe":2,"minecraft:deepslate_iron_ore":86,"minecraft:iron_boots":1,"minecraft:furnace":6,"minecraft:stick":1137,"minecraft:acacia_fence":4,"minecraft:polished_deepslate_stairs":9,"minecraft:torch":52,"minecraft:porkchop":4,"minecraft:pointed_dripstone":9,"minecraft:diorite":54,"minecraft:vine":2,"minecraft:nether_gold_ore":114,"minecraft:rotten_flesh":198,"minecraft:mangrove_roots":114,"minecraft:obsidian":94,"minecraft:cod":6,"minecraft:cobblestone":405,"minecraft:enchanting_table":7,"minecraft:magma_cream":8,"minecraft:andesite":12,"minecraft:golden_leggings":1,"minecraft:potato":2546,"minecraft:tuff":45,"minecraft:acacia_boat":3,"minecraft:lapis_lazuli":750,"minecraft:dirt":1043,"minecraft:name_tag":2,"minecraft:glass":2,"minecraft:bone":90,"minecraft:acacia_planks":12,"minecraft:bow":3,"minecraft:wheat_seeds":972,"minecraft:raw_gold":162,"minecraft:bell":8,"minecraft:grindstone":3,"minecraft:bamboo":38,"minecraft:oak_planks":370,"minecraft:cooked_porkchop":24,"minecraft:polished_blackstone_slab":1,"minecraft:poisonous_potato":14,"minecraft:jungle_planks":14,"minecraft:melon":8,"minecraft:grass_block":5,"minecraft:mossy_cobblestone":3,"minecraft:diamond":192,"minecraft:netherite_helmet":1,"minecraft:cracked_polished_blackstone_bricks":5,"minecraft:bone_meal":96,"minecraft:emerald":472,"minecraft:oak_sapling":445,"minecraft:netherrack":3845,"minecraft:chorus_fruit":28,"minecraft:ladder":223,"minecraft:brown_mushroom":26,"minecraft:wooden_pickaxe":1,"minecraft:gold_block":32,"minecraft:diamond_horse_armor":5,"minecraft:shield":2,"minecraft:oak_trapdoor":7,"minecraft:moss_carpet":9,"minecraft:blackstone":60,"minecraft:oak_boat":32,"minecraft:observer":5,"minecraft:lectern":285,"minecraft:sugar_cane":741,"minecraft:phantom_membrane":11,"minecraft:dark_oak_sapling":113,"minecraft:raw_iron":561,"minecraft:end_stone":315,"minecraft:bowl":7,"minecraft:polished_blackstone_bricks":4,"minecraft:cookie":364,"minecraft:weeping_vines":16,"minecraft:arrow":117,"minecraft:pumpkin_pie":16,"minecraft:saddle":1,"minecraft:netherite_boots":1,"minecraft:basalt":3,"minecraft:crimson_stem":85,"minecraft:salmon":1,"minecraft:leather":76,"minecraft:birch_planks":6,"minecraft:chainmail_chestplate":13,"minecraft:nether_wart_block":461,"minecraft:gunpowder":42,"minecraft:deepslate_tile_slab":1,"minecraft:orange_terracotta":4,"minecraft:cooked_mutton":8,"minecraft:acacia_trapdoor":6,"minecraft:iron_ingot":207,"minecraft:acacia_sapling":127,"minecraft:book":124,"minecraft:oak_slab":29,"minecraft:pink_bed":1,"minecraft:nether_quartz_ore":1363,"minecraft:quartz":4865,"minecraft:dandelion":1,"minecraft:raw_iron_block":1,"minecraft:dripstone_block":4,"minecraft:amethyst_shard":12,"minecraft:white_bed":24,"minecraft:gold_ore":5,"minecraft:spider_eye":45,"minecraft:pumpkin_seeds":36,"minecraft:chainmail_leggings":2,"minecraft:acacia_slab":19,"minecraft:netherite_hoe":2,"minecraft:coal":474,"minecraft:sunflower":3},"minecraft:killed_by":{"minecraft:iron_golem":1},"minecraft:killed":{"minecraft:cave_spider":11,"minecraft:shulker":16,"minecraft:skeleton":37,"minecraft:cat":2,"minecraft:magma_cube":8,"minecraft:parrot":2,"minecraft:iron_golem":32,"minecraft:zombie":76,"minecraft:cow":38,"minecraft:zoglin":1,"minecraft:horse":3,"minecraft:frog":1,"minecraft:wandering_trader":1,"minecraft:enderman":16,"minecraft:witch":1,"minecraft:spider":23,"minecraft:piglin_brute":5,"minecraft:piglin":26,"minecraft:zombie_villager":2,"minecraft:creeper":12,"minecraft:sheep":1,"minecraft:trader_llama":2,"minecraft:ghast":1,"minecraft:blaze":26,"minecraft:slime":31,"minecraft:wither_skeleton":6},"minecraft:broken":{"minecraft:iron_sword":2,"minecraft:iron_pickaxe":2,"minecraft:stone_pickaxe":2,"minecraft:stone_axe":2},"minecraft:custom":{"minecraft:interact_with_crafting_table":136,"minecraft:open_barrel":3,"minecraft:bell_ring":99,"minecraft:eat_cake_slice":3,"minecraft:leave_game":22,"minecraft:time_since_death":1486901,"minecraft:play_time":1510079,"minecraft:deaths":1,"minecraft:jump":24287,"minecraft:enchant_item":26,"minecraft:interact_with_furnace":48,"minecraft:traded_with_villager":1458,"minecraft:sleep_in_bed":66,"minecraft:damage_dealt":96409,"minecraft:interact_with_smoker":17,"minecraft:interact_with_smithing_table":5,"minecraft:interact_with_anvil":33,"minecraft:inspect_hopper":11,"minecraft:sneak_time":174346,"minecraft:interact_with_blast_furnace":35,"minecraft:total_world_time":1510079,"minecraft:time_since_rest":9461,"minecraft:swim_one_cm":109031,"minecraft:fly_one_cm":5008735,"minecraft:open_chest":1241,"minecraft:fish_caught":7,"minecraft:fall_one_cm":565512,"minecraft:sprint_one_cm":3399682,"minecraft:drop":623,"minecraft:talked_to_villager":1078,"minecraft:interact_with_brewingstand":1,"minecraft:walk_on_water_one_cm":71809,"minecraft:interact_with_loom":1,"minecraft:open_enderchest":7,"minecraft:player_kills":1,"minecraft:crouch_one_cm":475013,"minecraft:mob_kills":388,"minecraft:climb_one_cm":40042,"minecraft:walk_one_cm":2924405,"minecraft:walk_under_water_one_cm":51980,"minecraft:boat_one_cm":35138,"minecraft:interact_with_grindstone":16,"minecraft:damage_taken":12183,"minecraft:damage_absorbed":76,"minecraft:aviate_one_cm":86473},"minecraft:dropped":{"minecraft:crimson_stem":47,"minecraft:lapis_lazuli":106,"minecraft:cooked_beef":12,"minecraft:diamond":55,"minecraft:cookie":292,"minecraft:elytra":1,"minecraft:rail":132,"minecraft:red_mushroom":2,"minecraft:emerald":155,"minecraft:dirt":75,"minecraft:netherite_boots":1,"minecraft:gold_nugget":8,"minecraft:sunflower":2,"minecraft:phantom_membrane":5,"minecraft:bone":24,"minecraft:stone_axe":1,"minecraft:sugar_cane":24,"minecraft:ancient_debris":52,"minecraft:lever":1,"minecraft:cobbled_deepslate":4,"minecraft:netherite_sword":1,"minecraft:birch_sapling":62,"minecraft:wheat":9,"minecraft:obsidian":48,"minecraft:rotten_flesh":78,"minecraft:oak_planks":71,"minecraft:jungle_trapdoor":1,"minecraft:white_bed":6,"minecraft:acacia_sapling":107,"minecraft:ladder":64,"minecraft:lectern":1,"minecraft:egg":2,"minecraft:crimson_planks":4,"minecraft:iron_ingot":19,"minecraft:netherite_pickaxe":1,"minecraft:wheat_seeds":108,"minecraft:clock":4,"minecraft:dripstone_block":1,"minecraft:netherite_chestplate":1,"minecraft:netherite_helmet":1,"minecraft:cobblestone":26,"minecraft:feather":7,"minecraft:iron_helmet":1,"minecraft:book":1,"minecraft:apple":289,"minecraft:coal":3,"minecraft:golden_apple":3,"minecraft:diamond_horse_armor":1,"minecraft:stripped_crimson_stem":3,"minecraft:golden_carrot":18,"minecraft:ink_sac":3,"minecraft:diamond_helmet":3,"minecraft:potion":2,"minecraft:white_banner":2,"minecraft:iron_shovel":1,"minecraft:string":707,"minecraft:lily_pad":1,"minecraft:acacia_planks":412,"minecraft:moss_carpet":9,"minecraft:netherite_hoe":2,"minecraft:netherite_ingot":10,"minecraft:stone_sword":1,"minecraft:bowl":4,"minecraft:iron_boots":1,"minecraft:oak_sign":9,"minecraft:pumpkin_seeds":36,"minecraft:suspicious_stew":4,"minecraft:diamond_sword":2,"minecraft:potato":687,"minecraft:diamond_pickaxe":3,"minecraft:barrel":1,"minecraft:bow":2,"minecraft:acacia_boat":1,"minecraft:brown_mushroom":22,"minecraft:diamond_axe":6,"minecraft:baked_potato":1,"minecraft:ender_pearl":15,"minecraft:netherite_upgrade_smithing_template":7,"minecraft:lantern":2,"minecraft:leather":10,"minecraft:netherite_scrap":2,"minecraft:gilded_blackstone":10,"minecraft:gold_ingot":288,"minecraft:white_tulip":1,"minecraft:chiseled_polished_blackstone":1,"minecraft:blackstone":4,"minecraft:spyglass":5,"minecraft:mangrove_roots":57,"minecraft:pointed_dripstone":5,"minecraft:shulker_shell":1,"minecraft:poppy":30,"minecraft:gunpowder":1,"minecraft:melon_seeds":5,"minecraft:chest":1,"minecraft:arrow":50,"minecraft:quartz":873,"minecraft:netherrack":1056,"minecraft:firework_rocket":60,"minecraft:water_bucket":1,"minecraft:bread":106,"minecraft:oak_slab":7,"minecraft:vine":1,"minecraft:minecart":4,"minecraft:diamond_leggings":3,"minecraft:poisonous_potato":3,"minecraft:mangrove_propagule":3,"minecraft:grass_block":2,"minecraft:stick":864,"minecraft:iron_block":1,"minecraft:nether_gold_ore":4,"minecraft:brewing_stand":1,"minecraft:torch":11,"minecraft:nether_wart_block":3,"minecraft:melon_slice":73,"minecraft:iron_leggings":1,"minecraft:tripwire_hook":429,"minecraft:bucket":1,"minecraft:redstone":1,"minecraft:oak_trapdoor":1,"minecraft:blaze_rod":6,"minecraft:tuff":5,"minecraft:raw_iron":92,"minecraft:ender_eye":1,"minecraft:netherite_leggings":1,"minecraft:flint_and_steel":1,"minecraft:diamond_chestplate":2,"minecraft:orange_terracotta":2,"minecraft:iron_chestplate":2,"minecraft:andesite":1,"minecraft:cake":12,"minecraft:golden_leggings":1,"minecraft:oak_sapling":378,"minecraft:golden_sword":2,"minecraft:diamond_boots":4,"minecraft:slime_ball":2,"minecraft:wooden_pickaxe":1,"minecraft:raw_gold":21},"minecraft:used":{"minecraft:jack_o_lantern":1,"minecraft:poppy":7,"minecraft:ladder":18,"minecraft:elytra":2,"minecraft:chest":61,"minecraft:stone":65,"minecraft:polished_blackstone_slab":1,"minecraft:lava_bucket":1,"minecraft:grass_block":3,"minecraft:quartz_block":5,"minecraft:netherite_hoe":599,"minecraft:netherite_boots":1,"minecraft:bow":4,"minecraft:furnace":6,"minecraft:oak_sapling":3,"minecraft:egg":2,"minecraft:potato":555,"minecraft:dragon_head":1,"minecraft:emerald_ore":1,"minecraft:diorite":38,"minecraft:acacia_trapdoor":10,"minecraft:blackstone":1,"minecraft:wooden_pickaxe":12,"minecraft:composter":8,"minecraft:parrot_spawn_egg":3,"minecraft:golden_apple":2,"minecraft:blast_furnace":5,"minecraft:deepslate_iron_ore":86,"minecraft:lectern":286,"minecraft:nether_wart_block":35,"minecraft:diamond_sword":753,"minecraft:oak_boat":26,"minecraft:oak_trapdoor":9,"minecraft:enchanting_table":8,"minecraft:stone_sword":140,"minecraft:netherrack":1933,"minecraft:orange_bed":26,"minecraft:torch":38,"minecraft:anvil":1,"minecraft:ancient_debris":16,"minecraft:nether_quartz_ore":1363,"minecraft:jungle_trapdoor":5,"minecraft:barrel":15,"minecraft:melon_seeds":15,"minecraft:bamboo":36,"minecraft:basalt":3,"minecraft:tripwire_hook":849,"minecraft:beef":3,"minecraft:cobbled_deepslate":125,"minecraft:observer":5,"minecraft:orange_terracotta":2,"minecraft:pointed_dripstone":1,"minecraft:crimson_stem":38,"minecraft:wheat_seeds":121,"minecraft:water_bucket":159,"minecraft:birch_planks":9,"minecraft:gold_ore":5,"minecraft:polished_blackstone_bricks":4,"minecraft:gilded_blackstone":10,"minecraft:mossy_cobblestone":3,"minecraft:rail":220,"minecraft:oak_slab":12,"minecraft:crafting_table":12,"minecraft:red_bed":5,"minecraft:birch_sign":4,"minecraft:white_bed":48,"minecraft:cake":1,"minecraft:oak_log":9,"minecraft:diamond_pickaxe":9972,"minecraft:iron_pickaxe":763,"minecraft:suspicious_stew":4,"minecraft:crimson_nylium":3,"minecraft:pink_bed":1,"minecraft:cobblestone":273,"minecraft:cooked_porkchop":24,"minecraft:diamond_leggings":1,"minecraft:iron_shovel":89,"minecraft:iron_sword":483,"minecraft:bell":7,"minecraft:stripped_crimson_stem":1,"minecraft:iron_chestplate":1,"minecraft:mutton":2,"minecraft:jungle_planks":5,"minecraft:tuff":1,"minecraft:obsidian":22,"minecraft:glass":22,"minecraft:coal_ore":132,"minecraft:lantern":29,"minecraft:warped_nylium":3,"minecraft:iron_helmet":1,"minecraft:deepslate_diamond_ore":84,"minecraft:brown_carpet":1,"minecraft:hay_block":17,"minecraft:gold_block":1,"minecraft:dark_oak_sapling":132,"minecraft:stone_pickaxe":263,"minecraft:oak_planks":415,"minecraft:ender_pearl":13,"minecraft:sugar_cane":82,"minecraft:diamond_axe":2625,"minecraft:blue_bed":1,"minecraft:white_wool":1,"minecraft:deepslate_redstone_ore":32,"minecraft:dripstone_block":2,"minecraft:end_stone":315,"minecraft:deepslate_lapis_ore":26,"minecraft:firework_rocket":8,"minecraft:acacia_door":2,"minecraft:bread":56,"minecraft:string":12,"minecraft:deepslate":138,"minecraft:gravel":1,"minecraft:grindstone":3,"minecraft:andesite":3,"minecraft:bone_meal":201,"minecraft:purpur_block":28,"minecraft:netherite_sword":222,"minecraft:flint_and_steel":13,"minecraft:ender_chest":5,"minecraft:deepslate_gold_ore":39,"minecraft:dirt":387,"minecraft:spyglass":227,"minecraft:hopper":12,"minecraft:diamond_helmet":1,"minecraft:granite":2,"minecraft:iron_hoe":101,"minecraft:bookshelf":33,"minecraft:oak_stairs":4,"minecraft:acacia_slab":14,"minecraft:iron_boots":1,"minecraft:minecart":49,"minecraft:netherite_pickaxe":548,"minecraft:cooked_beef":80,"minecraft:cooked_mutton":17,"minecraft:acacia_boat":2,"minecraft:iron_ore":61,"minecraft:netherite_chestplate":2,"minecraft:baked_potato":127,"minecraft:birch_boat":1,"minecraft:red_mushroom":1,"minecraft:smoker":17,"minecraft:nether_gold_ore":108,"minecraft:acacia_stairs":1,"minecraft:cracked_polished_blackstone_bricks":3,"minecraft:lapis_ore":4,"minecraft:stone_slab":72,"minecraft:stone_axe":265,"minecraft:fishing_rod":13,"minecraft:bucket":163}},"DataVersion":3465}