{"stats":{"minecraft:mined":{"minecraft:large_amethyst_bud":1,"minecraft:white_bed":11,"minecraft:pink_bed":1,"minecraft:brewing_stand":3,"minecraft:obsidian":24,"minecraft:granite":2,"minecraft:chiseled_polished_blackstone":1,"minecraft:acacia_log":33,"minecraft:grass_block":49,"minecraft:jungle_log":7,"minecraft:cracked_polished_blackstone_bricks":9,"minecraft:composter":6,"minecraft:nether_wart":40,"minecraft:gilded_blackstone":10,"minecraft:spawner":8,"minecraft:weeping_vines_plant":1,"minecraft:polished_blackstone_bricks":14,"minecraft:magma_block":6,"minecraft:raw_iron_block":1,"minecraft:iron_ore":150,"minecraft:cobbled_deepslate":29,"minecraft:fire":26,"minecraft:deepslate_lapis_ore":49,"minecraft:enchanting_table":4,"minecraft:pointed_dripstone":3,"minecraft:oak_stairs":4,"minecraft:small_amethyst_bud":1,"minecraft:tripwire":1,"minecraft:orange_bed":26,"minecraft:jungle_trapdoor":4,"minecraft:deepslate_redstone_ore":64,"minecraft:brown_mushroom":1,"minecraft:red_bed":3,"minecraft:blackstone":1,"minecraft:melon_stem":9,"minecraft:crimson_nylium":18,"minecraft:smoker":14,"minecraft:amethyst_cluster":2,"minecraft:orange_terracotta":3,"minecraft:torch":11,"minecraft:blast_furnace":2,"minecraft:melon":10,"minecraft:chest":15,"minecraft:dead_bush":5,"minecraft:nether_quartz_ore":1426,"minecraft:cobblestone":96,"minecraft:grindstone":1,"minecraft:sugar_cane":10,"minecraft:oak_planks":154,"minecraft:wall_torch":1,"minecraft:birch_log":5,"minecraft:nether_wart_block":1,"minecraft:wheat":134,"minecraft:grass":134,"minecraft:oak_log":521,"minecraft:acacia_fence":1,"minecraft:loom":1,"minecraft:dirt":15,"minecraft:tripwire_hook":6,"minecraft:netherrack":1432,"minecraft:oak_leaves":41,"minecraft:deepslate":196,"minecraft:nether_gold_ore":118,"minecraft:tuff":7,"minecraft:mossy_cobblestone":3,"minecraft:deepslate_diamond_ore":23,"minecraft:nether_bricks":7,"minecraft:jungle_planks":4,"minecraft:crimson_roots":2,"minecraft:acacia_slab":7,"minecraft:hay_block":24,"minecraft:oak_trapdoor":4,"minecraft:furnace":3,"minecraft:acacia_trapdoor":6,"minecraft:acacia_wood":125,"minecraft:andesite":15,"minecraft:gold_block":31,"minecraft:bell":2,"minecraft:bookshelf":2,"minecraft:potatoes":148,"minecraft:deepslate_iron_ore":196,"minecraft:vine":11,"minecraft:rail":122,"minecraft:stone":275,"minecraft:white_tulip":3,"minecraft:oak_slab":3,"minecraft:brown_carpet":1,"minecraft:basalt":3,"minecraft:crafting_table":8,"minecraft:lectern":264,"minecraft:tall_grass":7,"minecraft:copper_ore":4,"minecraft:lapis_ore":9,"minecraft:deepslate_gold_ore":70,"minecraft:diorite":5,"minecraft:coal_ore":142,"minecraft:sunflower":1,"minecraft:gravel":1,"minecraft:dripstone_block":5,"minecraft:cobweb":28,"minecraft:acacia_planks":10,"minecraft:gold_ore":28,"minecraft:fern":2},"minecraft:killed_by":{"minecraft:iron_golem":1},"minecraft:killed":{"minecraft:cave_spider":6,"minecraft:witch":1,"minecraft:spider":17,"minecraft:skeleton":25,"minecraft:piglin_brute":5,"minecraft:magma_cube":8,"minecraft:piglin":18,"minecraft:zombie_villager":1,"minecraft:iron_golem":30,"minecraft:creeper":7,"minecraft:sheep":1,"minecraft:zombie":43,"minecraft:ghast":1,"minecraft:blaze":26,"minecraft:cow":38,"minecraft:slime":18,"minecraft:horse":3,"minecraft:frog":1,"minecraft:wither_skeleton":6,"minecraft:enderman":3},"minecraft:broken":{"minecraft:stone_pickaxe":2,"minecraft:stone_axe":2,"minecraft:iron_sword":2,"minecraft:iron_pickaxe":2},"minecraft:crafted":{"minecraft:oak_planks":3436,"minecraft:smooth_stone":11,"minecraft:stone":5,"minecraft:bookshelf":4,"minecraft:suspicious_stew":7,"minecraft:cooked_mutton":9,"minecraft:quartz_block":5,"minecraft:hopper":12,"minecraft:diamond_helmet":3,"minecraft:bow":1,"minecraft:diamond_leggings":3,"minecraft:iron_boots":1,"minecraft:melon_seeds":9,"minecraft:chest":28,"minecraft:smoker":1,"minecraft:oak_slab":12,"minecraft:emerald":524,"minecraft:arrow":16,"minecraft:crafting_table":4,"minecraft:acacia_slab":12,"minecraft:wooden_pickaxe":1,"minecraft:iron_helmet":1,"minecraft:copper_ingot":8,"minecraft:hay_block":1,"minecraft:birch_planks":64,"minecraft:apple":28,"minecraft:lectern":2,"minecraft:iron_chestplate":1,"minecraft:book":2,"minecraft:paper":6,"minecraft:diamond_pickaxe":5,"minecraft:stick":12478,"minecraft:iron_ingot":165,"minecraft:iron_pickaxe":3,"minecraft:iron_block":3,"minecraft:stone_sword":1,"minecraft:gold_ingot":347,"minecraft:composter":1,"minecraft:golden_carrot":18,"minecraft:cookie":72,"minecraft:raw_iron":9,"minecraft:tripwire_hook":4,"minecraft:smooth_stone_slab":6,"minecraft:spyglass":4,"minecraft:furnace":5,"minecraft:blast_furnace":2,"minecraft:jungle_trapdoor":2,"minecraft:bone_meal":12,"minecraft:oak_trapdoor":6,"minecraft:ladder":108,"minecraft:iron_hoe":1,"minecraft:stone_pickaxe":2,"minecraft:diamond_boots":3,"minecraft:wheat":126,"minecraft:cooked_beef":54,"minecraft:diamond_sword":1,"minecraft:iron_sword":2,"minecraft:acacia_trapdoor":4,"minecraft:bucket":1,"minecraft:stone_axe":3,"minecraft:enchanted_book":6,"minecraft:jungle_slab":6,"minecraft:bread":56,"minecraft:air":0,"minecraft:jungle_planks":28,"minecraft:oak_boat":1,"minecraft:oak_stairs":4,"minecraft:iron_shovel":1,"minecraft:iron_leggings":1,"minecraft:white_bed":1,"minecraft:anvil":1,"minecraft:pumpkin_pie":16,"minecraft:acacia_planks":3828,"minecraft:torch":8,"minecraft:diamond_chestplate":3},"minecraft:picked_up":{"minecraft:iron_chestplate":2,"minecraft:wheat":130,"minecraft:suspicious_stew":1,"minecraft:diamond_sword":1,"minecraft:lead":2,"minecraft:oak_stairs":4,"minecraft:enchanted_book":1,"minecraft:gilded_blackstone":20,"minecraft:brewing_stand":3,"minecraft:string":71,"minecraft:raw_copper":9,"minecraft:deepslate_lapis_ore":16,"minecraft:gold_nugget":547,"minecraft:cobbled_deepslate":150,"minecraft:white_tulip":3,"minecraft:netherite_upgrade_smithing_template":1,"minecraft:melon_slice":39,"minecraft:furnace":3,"minecraft:deepslate_iron_ore":44,"minecraft:iron_boots":1,"minecraft:stick":605,"minecraft:acacia_fence":1,"minecraft:composter":6,"minecraft:torch":20,"minecraft:acacia_log":33,"minecraft:pointed_dripstone":9,"minecraft:diorite":1,"minecraft:brown_carpet":1,"minecraft:orange_bed":28,"minecraft:nether_gold_ore":58,"minecraft:stone_sword":1,"minecraft:rotten_flesh":50,"minecraft:iron_block":1,"minecraft:blaze_rod":17,"minecraft:obsidian":24,"minecraft:cobblestone":344,"minecraft:birch_log":5,"minecraft:enchanting_table":3,"minecraft:magma_block":5,"minecraft:magma_cream":8,"minecraft:cooked_beef":39,"minecraft:andesite":4,"minecraft:jungle_log":7,"minecraft:golden_leggings":1,"minecraft:smoker":12,"minecraft:potato":695,"minecraft:tuff":6,"minecraft:acacia_boat":1,"minecraft:lapis_lazuli":431,"minecraft:dirt":78,"minecraft:bone":37,"minecraft:acacia_planks":12,"minecraft:bow":1,"minecraft:wheat_seeds":372,"minecraft:raw_gold":98,"minecraft:bell":2,"minecraft:grindstone":1,"minecraft:oak_planks":248,"minecraft:chiseled_polished_blackstone":1,"minecraft:cooked_porkchop":19,"minecraft:poisonous_potato":2,"minecraft:jungle_planks":13,"minecraft:melon":7,"minecraft:loom":1,"minecraft:grass_block":3,"minecraft:acacia_stairs":1,"minecraft:mossy_cobblestone":3,"minecraft:diamond":24,"minecraft:deepslate":78,"minecraft:deepslate_gold_ore":11,"minecraft:cracked_polished_blackstone_bricks":5,"minecraft:granite":2,"minecraft:bone_meal":96,"minecraft:emerald":85,"minecraft:bread":61,"minecraft:oak_sapling":52,"minecraft:netherrack":725,"minecraft:crimson_roots":3,"minecraft:crafting_table":8,"minecraft:nether_wart":43,"minecraft:ladder":1,"minecraft:brown_mushroom":2,"minecraft:gold_block":31,"minecraft:diamond_horse_armor":1,"minecraft:jungle_trapdoor":4,"minecraft:oak_trapdoor":4,"minecraft:red_bed":4,"minecraft:acacia_door":2,"minecraft:netherite_scrap":1,"minecraft:blackstone":1,"minecraft:deepslate_diamond_ore":6,"minecraft:beef":122,"minecraft:oak_boat":1,"minecraft:poppy":21,"minecraft:lectern":266,"minecraft:minecart":11,"minecraft:sugar_cane":63,"minecraft:chest":14,"minecraft:raw_iron":352,"minecraft:stone":39,"minecraft:polished_blackstone_bricks":4,"minecraft:redstone":315,"minecraft:arrow":21,"minecraft:hay_block":30,"minecraft:gold_ingot":220,"minecraft:mutton":4,"minecraft:white_wool":10,"minecraft:rail":131,"minecraft:lapis_ore":4,"minecraft:basalt":3,"minecraft:tripwire_hook":2084,"minecraft:leather":59,"minecraft:red_mushroom":1,"minecraft:acacia_wood":125,"minecraft:oak_log":518,"minecraft:chainmail_chestplate":7,"minecraft:ancient_debris":1,"minecraft:gunpowder":6,"minecraft:orange_terracotta":4,"minecraft:cooked_mutton":8,"minecraft:apple":12,"minecraft:acacia_trapdoor":6,"minecraft:iron_ingot":135,"minecraft:stone_pickaxe":1,"minecraft:iron_ore":21,"minecraft:glass_bottle":2,"minecraft:acacia_sapling":61,"minecraft:book":7,"minecraft:pink_bed":1,"minecraft:oak_slab":4,"minecraft:nether_quartz_ore":618,"minecraft:quartz":1534,"minecraft:raw_iron_block":1,"minecraft:dripstone_block":3,"minecraft:gravel":1,"minecraft:amethyst_shard":8,"minecraft:white_bed":12,"minecraft:gold_ore":3,"minecraft:spider_eye":8,"minecraft:coal_ore":43,"minecraft:slime_ball":14,"minecraft:stone_axe":2,"minecraft:diamond_axe":1,"minecraft:chainmail_leggings":1,"minecraft:deepslate_redstone_ore":32,"minecraft:crimson_nylium":3,"minecraft:acacia_slab":9,"minecraft:melon_seeds":10,"minecraft:coal":247,"minecraft:sunflower":1,"minecraft:ender_pearl":2},"minecraft:used":{"minecraft:iron_shovel":35,"minecraft:ladder":18,"minecraft:poppy":7,"minecraft:chest":30,"minecraft:stone":33,"minecraft:iron_sword":483,"minecraft:bell":2,"minecraft:iron_chestplate":1,"minecraft:mutton":2,"minecraft:jungle_planks":5,"minecraft:tuff":1,"minecraft:lava_bucket":1,"minecraft:coal_ore":43,"minecraft:grass_block":1,"minecraft:quartz_block":5,"minecraft:iron_helmet":1,"minecraft:deepslate_diamond_ore":6,"minecraft:brown_carpet":1,"minecraft:hay_block":17,"minecraft:oak_sapling":2,"minecraft:furnace":3,"minecraft:potato":219,"minecraft:diorite":1,"minecraft:acacia_trapdoor":10,"minecraft:stone_pickaxe":263,"minecraft:oak_planks":350,"minecraft:ender_pearl":1,"minecraft:blackstone":1,"minecraft:wooden_pickaxe":12,"minecraft:composter":8,"minecraft:sugar_cane":5,"minecraft:diamond_axe":951,"minecraft:white_wool":1,"minecraft:golden_apple":1,"minecraft:blast_furnace":4,"minecraft:deepslate_redstone_ore":32,"minecraft:dripstone_block":2,"minecraft:deepslate_lapis_ore":16,"minecraft:acacia_door":2,"minecraft:string":2,"minecraft:deepslate_iron_ore":44,"minecraft:bread":56,"minecraft:lectern":267,"minecraft:deepslate":82,"minecraft:gravel":1,"minecraft:diamond_sword":572,"minecraft:grindstone":1,"minecraft:andesite":3,"minecraft:oak_boat":2,"minecraft:bone_meal":129,"minecraft:oak_trapdoor":9,"minecraft:enchanting_table":4,"minecraft:stone_sword":140,"minecraft:deepslate_gold_ore":11,"minecraft:netherrack":672,"minecraft:orange_bed":26,"minecraft:torch":18,"minecraft:dirt":40,"minecraft:spyglass":160,"minecraft:anvil":1,"minecraft:hopper":12,"minecraft:nether_quartz_ore":618,"minecraft:diamond_helmet":1,"minecraft:jungle_trapdoor":5,"minecraft:granite":2,"minecraft:iron_hoe":101,"minecraft:bookshelf":2,"minecraft:oak_stairs":4,"minecraft:acacia_slab":4,"minecraft:iron_boots":1,"minecraft:melon_seeds":15,"minecraft:basalt":3,"minecraft:tripwire_hook":849,"minecraft:beef":3,"minecraft:minecart":11,"minecraft:cooked_beef":60,"minecraft:cobbled_deepslate":121,"minecraft:orange_terracotta":2,"minecraft:pointed_dripstone":1,"minecraft:wheat_seeds":121,"minecraft:cooked_mutton":17,"minecraft:water_bucket":88,"minecraft:iron_ore":21,"minecraft:gold_ore":3,"minecraft:gilded_blackstone":10,"minecraft:polished_blackstone_bricks":4,"minecraft:mossy_cobblestone":3,"minecraft:rail":103,"minecraft:oak_slab":4,"minecraft:crafting_table":10,"minecraft:red_bed":2,"minecraft:red_mushroom":1,"minecraft:white_bed":13,"minecraft:nether_gold_ore":58,"minecraft:cake":1,"minecraft:smoker":14,"minecraft:oak_log":7,"minecraft:diamond_pickaxe":3756,"minecraft:acacia_stairs":1,"minecraft:cracked_polished_blackstone_bricks":3,"minecraft:suspicious_stew":4,"minecraft:iron_pickaxe":763,"minecraft:lapis_ore":4,"minecraft:crimson_nylium":3,"minecraft:stone_axe":265,"minecraft:pink_bed":1,"minecraft:cobblestone":261,"minecraft:cooked_porkchop":19,"minecraft:bucket":90,"minecraft:diamond_leggings":1},"minecraft:custom":{"minecraft:interact_with_crafting_table":82,"minecraft:bell_ring":21,"minecraft:eat_cake_slice":3,"minecraft:leave_game":11,"minecraft:time_since_death":715267,"minecraft:sprint_one_cm":1695058,"minecraft:drop":289,"minecraft:talked_to_villager":730,"minecraft:play_time":738405,"minecraft:deaths":1,"minecraft:jump":13815,"minecraft:walk_on_water_one_cm":43156,"minecraft:enchant_item":12,"minecraft:interact_with_furnace":43,"minecraft:traded_with_villager":579,"minecraft:sleep_in_bed":38,"minecraft:damage_dealt":68451,"minecraft:player_kills":1,"minecraft:crouch_one_cm":227921,"minecraft:interact_with_smoker":13,"minecraft:interact_with_smithing_table":1,"minecraft:mob_kills":263,"minecraft:interact_with_anvil":12,"minecraft:inspect_hopper":7,"minecraft:climb_one_cm":17231,"minecraft:walk_one_cm":1340185,"minecraft:sneak_time":86410,"minecraft:walk_under_water_one_cm":23382,"minecraft:boat_one_cm":6671,"minecraft:interact_with_blast_furnace":2,"minecraft:total_world_time":738405,"minecraft:interact_with_grindstone":10,"minecraft:time_since_rest":104,"minecraft:damage_taken":7615,"minecraft:damage_absorbed":35,"minecraft:swim_one_cm":72203,"minecraft:fly_one_cm":2513367,"minecraft:open_chest":441,"minecraft:fall_one_cm":351283},"minecraft:dropped":{"minecraft:brown_mushroom":1,"minecraft:diamond_axe":1,"minecraft:lapis_lazuli":42,"minecraft:cooked_beef":12,"minecraft:diamond":7,"minecraft:rail":31,"minecraft:emerald":155,"minecraft:dirt":1,"minecraft:gold_nugget":8,"minecraft:gilded_blackstone":10,"minecraft:gold_ingot":288,"minecraft:chiseled_polished_blackstone":1,"minecraft:stone_axe":1,"minecraft:spyglass":4,"minecraft:wheat":9,"minecraft:pointed_dripstone":5,"minecraft:rotten_flesh":3,"minecraft:oak_planks":50,"minecraft:jungle_trapdoor":1,"minecraft:poppy":7,"minecraft:gunpowder":1,"minecraft:melon_seeds":5,"minecraft:chest":1,"minecraft:acacia_sapling":41,"minecraft:arrow":5,"minecraft:quartz":1,"minecraft:netherrack":1,"minecraft:lectern":1,"minecraft:iron_ingot":5,"minecraft:bread":84,"minecraft:wheat_seeds":32,"minecraft:dripstone_block":1,"minecraft:diamond_leggings":1,"minecraft:poisonous_potato":1,"minecraft:iron_helmet":1,"minecraft:book":1,"minecraft:grass_block":2,"minecraft:golden_apple":2,"minecraft:stick":540,"minecraft:diamond_horse_armor":1,"minecraft:iron_block":1,"minecraft:golden_carrot":18,"minecraft:torch":8,"minecraft:diamond_helmet":1,"minecraft:iron_leggings":1,"minecraft:string":47,"minecraft:tripwire_hook":408,"minecraft:bucket":1,"minecraft:acacia_planks":412,"minecraft:oak_trapdoor":1,"minecraft:blaze_rod":6,"minecraft:stone_sword":1,"minecraft:bowl":4,"minecraft:tuff":5,"minecraft:raw_iron":92,"minecraft:iron_boots":1,"minecraft:suspicious_stew":4,"minecraft:potato":5,"minecraft:diamond_chestplate":1,"minecraft:orange_terracotta":2,"minecraft:diamond_pickaxe":2,"minecraft:iron_chestplate":2,"minecraft:andesite":1,"minecraft:golden_leggings":1,"minecraft:oak_sapling":4,"minecraft:diamond_boots":1,"minecraft:slime_ball":2,"minecraft:bow":1,"minecraft:raw_gold":21}},"DataVersion":3465}