{"stats":{"minecraft:used":{"minecraft:jack_o_lantern":1,"minecraft:iron_shovel":89,"minecraft:ladder":18,"minecraft:poppy":7,"minecraft:chest":60,"minecraft:iron_sword":483,"minecraft:stone":61,"minecraft:bell":3,"minecraft:iron_chestplate":1,"minecraft:mutton":2,"minecraft:jungle_planks":5,"minecraft:tuff":1,"minecraft:lava_bucket":1,"minecraft:coal_ore":47,"minecraft:grass_block":2,"minecraft:quartz_block":5,"minecraft:iron_helmet":1,"minecraft:deepslate_diamond_ore":6,"minecraft:brown_carpet":1,"minecraft:hay_block":17,"minecraft:oak_sapling":3,"minecraft:furnace":6,"minecraft:egg":1,"minecraft:potato":424,"minecraft:dark_oak_sapling":85,"minecraft:oak_planks":405,"minecraft:diorite":37,"minecraft:stone_pickaxe":263,"minecraft:acacia_trapdoor":10,"minecraft:ender_pearl":2,"minecraft:blackstone":1,"minecraft:sugar_cane":81,"minecraft:wooden_pickaxe":12,"minecraft:composter":8,"minecraft:diamond_axe":1857,"minecraft:blue_bed":1,"minecraft:golden_apple":1,"minecraft:white_wool":1,"minecraft:blast_furnace":5,"minecraft:deepslate_redstone_ore":32,"minecraft:dripstone_block":2,"minecraft:deepslate_lapis_ore":16,"minecraft:string":8,"minecraft:acacia_door":2,"minecraft:deepslate_iron_ore":44,"minecraft:bread":56,"minecraft:lectern":267,"minecraft:deepslate":82,"minecraft:gravel":1,"minecraft:diamond_sword":652,"minecraft:grindstone":3,"minecraft:andesite":3,"minecraft:oak_boat":8,"minecraft:bone_meal":201,"minecraft:oak_trapdoor":9,"minecraft:stone_sword":140,"minecraft:enchanting_table":8,"minecraft:deepslate_gold_ore":11,"minecraft:netherrack":915,"minecraft:orange_bed":26,"minecraft:torch":32,"minecraft:spyglass":160,"minecraft:dirt":53,"minecraft:anvil":1,"minecraft:hopper":12,"minecraft:nether_quartz_ore":1230,"minecraft:diamond_helmet":1,"minecraft:jungle_trapdoor":5,"minecraft:granite":2,"minecraft:iron_hoe":101,"minecraft:bookshelf":4,"minecraft:oak_stairs":4,"minecraft:acacia_slab":14,"minecraft:iron_boots":1,"minecraft:melon_seeds":15,"minecraft:basalt":3,"minecraft:tripwire_hook":849,"minecraft:beef":3,"minecraft:minecart":39,"minecraft:cooked_beef":80,"minecraft:cobbled_deepslate":121,"minecraft:orange_terracotta":2,"minecraft:pointed_dripstone":1,"minecraft:wheat_seeds":121,"minecraft:cooked_mutton":17,"minecraft:acacia_boat":2,"minecraft:water_bucket":133,"minecraft:iron_ore":25,"minecraft:birch_planks":8,"minecraft:baked_potato":1,"minecraft:birch_boat":1,"minecraft:gold_ore":3,"minecraft:polished_blackstone_bricks":4,"minecraft:gilded_blackstone":10,"minecraft:mossy_cobblestone":3,"minecraft:rail":195,"minecraft:birch_sign":4,"minecraft:crafting_table":12,"minecraft:oak_slab":4,"minecraft:red_bed":4,"minecraft:red_mushroom":1,"minecraft:white_bed":17,"minecraft:nether_gold_ore":108,"minecraft:cake":1,"minecraft:smoker":17,"minecraft:oak_log":9,"minecraft:acacia_stairs":1,"minecraft:diamond_pickaxe":5798,"minecraft:cracked_polished_blackstone_bricks":3,"minecraft:iron_pickaxe":763,"minecraft:suspicious_stew":4,"minecraft:lapis_ore":4,"minecraft:stone_slab":72,"minecraft:crimson_nylium":3,"minecraft:fishing_rod":7,"minecraft:stone_axe":265,"minecraft:pink_bed":1,"minecraft:cobblestone":270,"minecraft:cooked_porkchop":24,"minecraft:bucket":136,"minecraft:diamond_leggings":1},"minecraft:broken":{"minecraft:stone_pickaxe":2,"minecraft:stone_axe":2,"minecraft:iron_sword":2,"minecraft:iron_pickaxe":2},"minecraft:killed":{"minecraft:cave_spider":6,"minecraft:witch":1,"minecraft:spider":19,"minecraft:skeleton":25,"minecraft:piglin_brute":5,"minecraft:magma_cube":8,"minecraft:piglin":21,"minecraft:zombie_villager":1,"minecraft:iron_golem":32,"minecraft:creeper":9,"minecraft:sheep":1,"minecraft:zombie":53,"minecraft:ghast":1,"minecraft:blaze":26,"minecraft:cow":38,"minecraft:slime":31,"minecraft:horse":3,"minecraft:frog":1,"minecraft:wither_skeleton":6,"minecraft:enderman":3},"minecraft:crafted":{"minecraft:smooth_stone":12,"minecraft:oak_planks":3608,"minecraft:barrel":1,"minecraft:oak_sign":9,"minecraft:birch_boat":1,"minecraft:stone":5,"minecraft:lever":1,"minecraft:bookshelf":6,"minecraft:cooked_mutton":9,"minecraft:suspicious_stew":7,"minecraft:quartz_block":5,"minecraft:hopper":21,"minecraft:diamond_helmet":4,"minecraft:bow":1,"minecraft:diamond_leggings":4,"minecraft:iron_boots":1,"minecraft:melon_seeds":9,"minecraft:chest":52,"minecraft:smoker":1,"minecraft:oak_slab":18,"minecraft:emerald":1043,"minecraft:arrow":16,"minecraft:diamond_axe":2,"minecraft:crafting_table":4,"minecraft:acacia_slab":12,"minecraft:wooden_pickaxe":1,"minecraft:iron_helmet":1,"minecraft:copper_ingot":8,"minecraft:hay_block":1,"minecraft:birch_planks":252,"minecraft:apple":28,"minecraft:lectern":2,"minecraft:iron_chestplate":1,"minecraft:book":2,"minecraft:paper":6,"minecraft:diamond_pickaxe":5,"minecraft:stick":18470,"minecraft:stone_slab":78,"minecraft:iron_ingot":165,"minecraft:iron_pickaxe":3,"minecraft:iron_block":3,"minecraft:stone_sword":1,"minecraft:gold_ingot":405,"minecraft:composter":1,"minecraft:shears":1,"minecraft:golden_carrot":18,"minecraft:cookie":72,"minecraft:raw_iron":9,"minecraft:fishing_rod":1,"minecraft:tripwire_hook":4,"minecraft:smooth_stone_slab":6,"minecraft:spyglass":4,"minecraft:furnace":6,"minecraft:blast_furnace":3,"minecraft:jungle_trapdoor":2,"minecraft:bone_meal":84,"minecraft:oak_trapdoor":18,"minecraft:ladder":108,"minecraft:iron_hoe":1,"minecraft:stone_pickaxe":2,"minecraft:diamond_boots":4,"minecraft:dark_oak_planks":2968,"minecraft:birch_sign":3,"minecraft:wheat":126,"minecraft:cooked_beef":54,"minecraft:diamond_sword":2,"minecraft:iron_sword":2,"minecraft:acacia_trapdoor":4,"minecraft:bucket":2,"minecraft:stone_axe":3,"minecraft:enchanted_book":12,"minecraft:jungle_slab":6,"minecraft:bread":56,"minecraft:air":0,"minecraft:jungle_planks":28,"minecraft:oak_fence_gate":8,"minecraft:oak_boat":2,"minecraft:golden_apple":2,"minecraft:oak_stairs":4,"minecraft:iron_shovel":2,"minecraft:iron_leggings":1,"minecraft:anvil":1,"minecraft:white_bed":2,"minecraft:pumpkin_pie":16,"minecraft:acacia_planks":3828,"minecraft:torch":64,"minecraft:diamond_chestplate":4},"minecraft:mined":{"minecraft:large_amethyst_bud":1,"minecraft:white_bed":17,"minecraft:pink_bed":1,"minecraft:brewing_stand":3,"minecraft:obsidian":24,"minecraft:granite":2,"minecraft:chiseled_polished_blackstone":1,"minecraft:acacia_log":33,"minecraft:grass_block":125,"minecraft:jungle_log":7,"minecraft:cracked_polished_blackstone_bricks":9,"minecraft:composter":6,"minecraft:nether_wart":40,"minecraft:spawner":8,"minecraft:gilded_blackstone":10,"minecraft:weeping_vines_plant":1,"minecraft:polished_blackstone_bricks":14,"minecraft:tall_seagrass":1,"minecraft:raw_iron_block":1,"minecraft:magma_block":6,"minecraft:iron_ore":154,"minecraft:fire":34,"minecraft:cobbled_deepslate":33,"minecraft:deepslate_lapis_ore":49,"minecraft:enchanting_table":8,"minecraft:pointed_dripstone":3,"minecraft:small_amethyst_bud":1,"minecraft:oak_stairs":4,"minecraft:birch_wall_sign":1,"minecraft:orange_bed":26,"minecraft:tripwire":5,"minecraft:jungle_trapdoor":4,"minecraft:deepslate_redstone_ore":64,"minecraft:brown_mushroom":2,"minecraft:red_bed":4,"minecraft:blackstone":1,"minecraft:melon_stem":9,"minecraft:crimson_nylium":18,"minecraft:smoker":17,"minecraft:amethyst_cluster":2,"minecraft:orange_terracotta":3,"minecraft:torch":17,"minecraft:blast_furnace":2,"minecraft:melon":10,"minecraft:chest":32,"minecraft:dead_bush":7,"minecraft:cobblestone":104,"minecraft:nether_quartz_ore":2655,"minecraft:oak_planks":230,"minecraft:grindstone":3,"minecraft:sugar_cane":189,"minecraft:wall_torch":1,"minecraft:seagrass":3,"minecraft:nether_wart_block":1,"minecraft:birch_log":5,"minecraft:wheat":134,"minecraft:grass":187,"minecraft:oak_log":566,"minecraft:acacia_fence":1,"minecraft:loom":2,"minecraft:dirt":20,"minecraft:tripwire_hook":6,"minecraft:netherrack":1629,"minecraft:deepslate":196,"minecraft:oak_leaves":46,"minecraft:nether_gold_ore":218,"minecraft:tuff":7,"minecraft:mossy_cobblestone":3,"minecraft:dark_oak_leaves":71,"minecraft:deepslate_diamond_ore":23,"minecraft:dark_oak_log":742,"minecraft:jack_o_lantern":1,"minecraft:ladder":3,"minecraft:nether_bricks":7,"minecraft:jungle_planks":4,"minecraft:crimson_roots":2,"minecraft:acacia_slab":7,"minecraft:hay_block":24,"minecraft:oak_trapdoor":4,"minecraft:furnace":4,"minecraft:acacia_trapdoor":6,"minecraft:acacia_wood":125,"minecraft:andesite":21,"minecraft:gold_block":31,"minecraft:bell":3,"minecraft:bookshelf":4,"minecraft:potatoes":353,"minecraft:deepslate_iron_ore":196,"minecraft:vine":14,"minecraft:rail":227,"minecraft:white_tulip":3,"minecraft:stone":396,"minecraft:oak_slab":3,"minecraft:basalt":3,"minecraft:brown_carpet":1,"minecraft:crafting_table":10,"minecraft:lectern":264,"minecraft:stone_slab":7,"minecraft:copper_ore":4,"minecraft:tall_grass":7,"minecraft:lapis_ore":9,"minecraft:deepslate_gold_ore":70,"minecraft:lily_pad":32,"minecraft:diorite":41,"minecraft:blue_bed":1,"minecraft:birch_planks":5,"minecraft:coal_ore":146,"minecraft:gravel":1,"minecraft:sunflower":1,"minecraft:dripstone_block":5,"minecraft:cobweb":28,"minecraft:acacia_planks":10,"minecraft:gold_ore":28,"minecraft:fern":2},"minecraft:custom":{"minecraft:interact_with_crafting_table":109,"minecraft:bell_ring":26,"minecraft:eat_cake_slice":3,"minecraft:leave_game":16,"minecraft:time_since_death":1035255,"minecraft:sprint_one_cm":2372742,"minecraft:drop":526,"minecraft:talked_to_villager":880,"minecraft:play_time":1058393,"minecraft:deaths":1,"minecraft:jump":18079,"minecraft:walk_on_water_one_cm":56252,"minecraft:enchant_item":25,"minecraft:interact_with_furnace":46,"minecraft:traded_with_villager":1112,"minecraft:interact_with_loom":1,"minecraft:sleep_in_bed":59,"minecraft:damage_dealt":74001,"minecraft:player_kills":1,"minecraft:crouch_one_cm":308998,"minecraft:interact_with_smoker":16,"minecraft:interact_with_smithing_table":1,"minecraft:interact_with_anvil":24,"minecraft:mob_kills":296,"minecraft:inspect_hopper":7,"minecraft:climb_one_cm":35102,"minecraft:walk_one_cm":2036401,"minecraft:sneak_time":117684,"minecraft:walk_under_water_one_cm":24705,"minecraft:boat_one_cm":27643,"minecraft:interact_with_blast_furnace":5,"minecraft:total_world_time":1058393,"minecraft:interact_with_grindstone":16,"minecraft:time_since_rest":21407,"minecraft:damage_absorbed":35,"minecraft:damage_taken":8238,"minecraft:swim_one_cm":74651,"minecraft:fly_one_cm":3535596,"minecraft:open_chest":866,"minecraft:fish_caught":3,"minecraft:fall_one_cm":429757},"minecraft:killed_by":{"minecraft:iron_golem":1},"minecraft:dropped":{"minecraft:acacia_boat":1,"minecraft:brown_mushroom":22,"minecraft:lapis_lazuli":106,"minecraft:diamond_axe":2,"minecraft:cooked_beef":12,"minecraft:diamond":7,"minecraft:cookie":292,"minecraft:leather":10,"minecraft:rail":120,"minecraft:red_mushroom":2,"minecraft:emerald":155,"minecraft:dirt":75,"minecraft:gold_nugget":8,"minecraft:gilded_blackstone":10,"minecraft:sunflower":2,"minecraft:gold_ingot":288,"minecraft:bone":24,"minecraft:chiseled_polished_blackstone":1,"minecraft:stone_axe":1,"minecraft:mangrove_roots":57,"minecraft:sugar_cane":24,"minecraft:spyglass":4,"minecraft:lever":1,"minecraft:cobbled_deepslate":4,"minecraft:wheat":9,"minecraft:birch_sapling":62,"minecraft:obsidian":24,"minecraft:pointed_dripstone":5,"minecraft:rotten_flesh":66,"minecraft:oak_planks":70,"minecraft:jungle_trapdoor":1,"minecraft:white_bed":6,"minecraft:poppy":28,"minecraft:gunpowder":1,"minecraft:melon_seeds":5,"minecraft:chest":1,"minecraft:acacia_sapling":107,"minecraft:ladder":64,"minecraft:arrow":6,"minecraft:quartz":810,"minecraft:netherrack":353,"minecraft:lectern":1,"minecraft:egg":2,"minecraft:water_bucket":1,"minecraft:iron_ingot":19,"minecraft:bread":106,"minecraft:vine":1,"minecraft:wheat_seeds":107,"minecraft:minecart":1,"minecraft:dripstone_block":1,"minecraft:diamond_leggings":3,"minecraft:poisonous_potato":3,"minecraft:mangrove_propagule":3,"minecraft:iron_helmet":1,"minecraft:book":1,"minecraft:apple":289,"minecraft:grass_block":2,"minecraft:coal":3,"minecraft:golden_apple":2,"minecraft:stick":864,"minecraft:iron_block":1,"minecraft:diamond_horse_armor":1,"minecraft:nether_gold_ore":3,"minecraft:golden_carrot":18,"minecraft:ink_sac":3,"minecraft:torch":10,"minecraft:melon_slice":20,"minecraft:diamond_helmet":3,"minecraft:iron_leggings":1,"minecraft:iron_shovel":1,"minecraft:string":699,"minecraft:lily_pad":1,"minecraft:tripwire_hook":429,"minecraft:bucket":1,"minecraft:acacia_planks":412,"minecraft:moss_carpet":9,"minecraft:oak_trapdoor":1,"minecraft:stone_sword":1,"minecraft:blaze_rod":6,"minecraft:bowl":4,"minecraft:tuff":5,"minecraft:raw_iron":92,"minecraft:iron_boots":1,"minecraft:oak_sign":9,"minecraft:pumpkin_seeds":36,"minecraft:suspicious_stew":4,"minecraft:diamond_sword":2,"minecraft:potato":687,"minecraft:diamond_chestplate":2,"minecraft:orange_terracotta":2,"minecraft:diamond_pickaxe":2,"minecraft:iron_chestplate":2,"minecraft:andesite":1,"minecraft:cake":12,"minecraft:golden_leggings":1,"minecraft:oak_sapling":378,"minecraft:golden_sword":2,"minecraft:barrel":1,"minecraft:slime_ball":2,"minecraft:diamond_boots":4,"minecraft:bow":1,"minecraft:raw_gold":21},"minecraft:picked_up":{"minecraft:iron_chestplate":2,"minecraft:wheat":200,"minecraft:suspicious_stew":1,"minecraft:lead":4,"minecraft:stone_slab":7,"minecraft:diamond_sword":4,"minecraft:oak_stairs":8,"minecraft:enchanted_book":15,"minecraft:gilded_blackstone":20,"minecraft:brewing_stand":4,"minecraft:golden_sword":2,"minecraft:string":229,"minecraft:raw_copper":9,"minecraft:deepslate_lapis_ore":16,"minecraft:smooth_stone_slab":12,"minecraft:iron_leggings":1,"minecraft:diamond_leggings":1,"minecraft:smooth_stone":2,"minecraft:gold_nugget":1089,"minecraft:cobbled_deepslate":168,"minecraft:bucket":2,"minecraft:white_tulip":6,"minecraft:netherite_upgrade_smithing_template":1,"minecraft:iron_pickaxe":2,"minecraft:melon_slice":59,"minecraft:deepslate_iron_ore":44,"minecraft:iron_boots":1,"minecraft:furnace":6,"minecraft:stick":1107,"minecraft:acacia_fence":4,"minecraft:composter":6,"minecraft:torch":42,"minecraft:acacia_log":33,"minecraft:porkchop":4,"minecraft:pointed_dripstone":9,"minecraft:diorite":53,"minecraft:vine":2,"minecraft:brown_carpet":3,"minecraft:orange_bed":28,"minecraft:stone_sword":1,"minecraft:nether_gold_ore":111,"minecraft:rotten_flesh":142,"minecraft:iron_block":1,"minecraft:mangrove_roots":114,"minecraft:blaze_rod":17,"minecraft:cod":2,"minecraft:obsidian":48,"minecraft:cobblestone":376,"minecraft:birch_log":111,"minecraft:enchanting_table":7,"minecraft:magma_block":5,"minecraft:cooked_beef":39,"minecraft:magma_cream":8,"minecraft:andesite":12,"minecraft:jungle_log":7,"minecraft:golden_leggings":1,"minecraft:smoker":15,"minecraft:potato":1876,"minecraft:flint":1,"minecraft:tuff":6,"minecraft:acacia_boat":3,"minecraft:lapis_lazuli":533,"minecraft:dirt":703,"minecraft:name_tag":2,"minecraft:bone":63,"minecraft:acacia_planks":12,"minecraft:bow":2,"minecraft:wheat_seeds":968,"minecraft:raw_gold":98,"minecraft:bell":3,"minecraft:grindstone":3,"minecraft:diamond_helmet":1,"minecraft:bamboo":2,"minecraft:oak_planks":322,"minecraft:chiseled_polished_blackstone":1,"minecraft:cooked_porkchop":24,"minecraft:poisonous_potato":11,"minecraft:jungle_planks":14,"minecraft:melon":8,"minecraft:ink_sac":3,"minecraft:grass_block":4,"minecraft:loom":2,"minecraft:acacia_stairs":1,"minecraft:dark_oak_log":742,"minecraft:mossy_cobblestone":3,"minecraft:iron_hoe":1,"minecraft:diamond":48,"minecraft:deepslate":78,"minecraft:deepslate_gold_ore":11,"minecraft:cracked_polished_blackstone_bricks":5,"minecraft:granite":2,"minecraft:bone_meal":96,"minecraft:emerald":470,"minecraft:bread":83,"minecraft:jack_o_lantern":1,"minecraft:oak_sapling":445,"minecraft:netherrack":1164,"minecraft:crimson_roots":3,"minecraft:diamond_pickaxe":1,"minecraft:crafting_table":13,"minecraft:ladder":223,"minecraft:nether_wart":43,"minecraft:brown_mushroom":24,"minecraft:gold_block":31,"minecraft:diamond_horse_armor":5,"minecraft:shield":2,"minecraft:jungle_trapdoor":4,"minecraft:oak_trapdoor":4,"minecraft:red_bed":7,"minecraft:moss_carpet":9,"minecraft:acacia_door":3,"minecraft:netherite_scrap":3,"minecraft:blackstone":4,"minecraft:deepslate_diamond_ore":6,"minecraft:beef":142,"minecraft:oak_boat":11,"minecraft:poppy":44,"minecraft:minecart":43,"minecraft:lectern":266,"minecraft:sugar_cane":453,"minecraft:chest":31,"minecraft:birch_sapling":62,"minecraft:phantom_membrane":1,"minecraft:egg":3,"minecraft:dark_oak_sapling":66,"minecraft:raw_iron":363,"minecraft:stone":146,"minecraft:bowl":7,"minecraft:polished_blackstone_bricks":4,"minecraft:cake":12,"minecraft:cookie":364,"minecraft:redstone":509,"minecraft:arrow":66,"minecraft:pumpkin_pie":16,"minecraft:diamond_boots":2,"minecraft:hay_block":30,"minecraft:saddle":1,"minecraft:gold_ingot":220,"minecraft:mutton":4,"minecraft:rail":385,"minecraft:white_wool":32,"minecraft:lapis_ore":4,"minecraft:basalt":3,"minecraft:tripwire_hook":2105,"minecraft:salmon":1,"minecraft:leather":69,"minecraft:red_mushroom":3,"minecraft:acacia_wood":125,"minecraft:birch_planks":5,"minecraft:oak_log":563,"minecraft:chainmail_chestplate":13,"minecraft:lily_pad":32,"minecraft:ancient_debris":4,"minecraft:gunpowder":36,"minecraft:blue_bed":1,"minecraft:orange_terracotta":4,"minecraft:cooked_mutton":8,"minecraft:apple":307,"minecraft:acacia_trapdoor":6,"minecraft:iron_ingot":206,"minecraft:stone_pickaxe":1,"minecraft:iron_ore":25,"minecraft:glass_bottle":4,"minecraft:acacia_sapling":127,"minecraft:book":37,"minecraft:oak_slab":10,"minecraft:pink_bed":1,"minecraft:nether_quartz_ore":1230,"minecraft:quartz":4584,"minecraft:raw_iron_block":1,"minecraft:dripstone_block":3,"minecraft:gravel":1,"minecraft:amethyst_shard":12,"minecraft:white_bed":22,"minecraft:gold_ore":3,"minecraft:spider_eye":21,"minecraft:pumpkin_seeds":36,"minecraft:coal_ore":47,"minecraft:slime_ball":25,"minecraft:stone_axe":3,"minecraft:chainmail_leggings":2,"minecraft:deepslate_redstone_ore":32,"minecraft:diamond_axe":1,"minecraft:birch_sign":1,"minecraft:oak_button":16,"minecraft:acacia_slab":19,"minecraft:brown_banner":2,"minecraft:melon_seeds":10,"minecraft:crimson_nylium":3,"minecraft:mangrove_propagule":6,"minecraft:coal":283,"minecraft:sunflower":3,"minecraft:ender_pearl":3}},"DataVersion":3465}